gauge_id,NSE,RMSE,KGE
10006,0.8293139189481735,0.1975534718443991,0.8452626012978871
10015,0.7671258002519608,0.1421628351617141,0.8390438296576842
10021,0.9027602821588516,0.1287149396861679,0.8204518727410847
10042,0.8599132895469666,0.3541740061429549,0.794192961082028
10044,0.8367898762226105,0.4299758983666331,0.7014141969267212
10048,0.7669771909713745,0.4071744158173054,0.8808210055642256
10058,0.407407283782959,2.073712360760209,0.5340506614161269
10059,0.4217967987060547,4.020050341542398,0.4890631397891765
10060,0.6137276589870453,1.2007691243142085,0.6007729571435141
10062,0.8752733841538429,0.3287708873785397,0.8434105966758364
10066,0.883099764585495,0.6076540978359994,0.8418784636915396
10073,0.6724302172660828,0.482654530876262,0.8179211500276118
10075,0.7672702819108963,0.9019960666642628,0.6459469646415641
10078,0.8675704002380371,0.9058120261151404,0.8701268669269336
10100,0.7120777368545532,0.1643067766616961,0.7646555651265059
10108,0.6564871668815613,0.4892013425846033,0.6731022528638926
10110,0.7399625182151794,0.7329412221201697,0.6492964031292169
10112,0.7488757371902466,0.2646445946220864,0.7203740561160381
10117,0.7812197655439377,0.2761338128133709,0.8659668422620028
10120,0.720708042383194,0.2715790261133558,0.7910136404559213
10122,0.8250083327293396,0.1672907497096634,0.9082842334502332
10126,0.7629729211330414,0.5944745511703051,0.7176168425557574
10133,0.8478839695453644,0.3200178070068472,0.8396825888418648
10144,0.618730366230011,0.1850232515833878,0.5496692121848189
10148,0.8965916633605957,0.4754717962071533,0.8191574453570085
10150,0.1604954004287719,0.336189430606431,0.4630969624474184
10176,0.8608359396457672,0.3100208770159419,0.7617934901123703
10177,0.8695454746484756,0.2490925412505846,0.8461139233499281
10184,0.8702480643987656,0.6627265281981679,0.8850230715452121
10194,0.7155635952949524,0.1168145404010363,0.6773565060716407
10198,-0.7794713973999023,0.4406680289016353,-0.1337816561796203
10202,0.0465395450592041,0.2855645874833812,-0.0370077214658843
10204,0.8258069604635239,0.4784833313301777,0.778390415881844
10205,0.9220645651221276,0.2080606295013686,0.9301928178586064
10209,0.8800862058997154,0.2412868951592381,0.7322520020082554
10211,0.8633605688810349,0.3343467642547252,0.7532069408740227
10216,0.7711945325136185,0.1257732362149054,0.6496285824915758
10219,0.7617666274309158,0.1502590594789597,0.5980267518496558
10220,0.8476931601762772,0.1116504270202689,0.6792600747302316
10221,0.8801008760929108,0.2336065808730549,0.788993699600653
10223,0.44841068983078,0.5575142947532534,0.4030672337446717
10231,0.9139298647642136,0.1276336185046698,0.932959442874176
10232,0.8233799636363983,0.7966830826575003,0.7809855116618387
10240,0.8984247148036957,0.8360025968785084,0.901959239688466
10246,0.8993961587548256,0.6367309662752777,0.9429868149972404
10251,0.8829110264778137,0.6769657888840335,0.7602421093197852
10264,0.8873026072978973,0.7448107488006136,0.8568592155354142
10266,0.8662921786308289,0.8752325634476651,0.8169101927105382
10276,0.7329231798648834,1.1429718643323354,0.8394721803108546
10279,0.7705187946557999,1.5267973017432117,0.5821786766098789
10292,0.8267568200826645,2.139991722269181,0.7931251323983881
10301,0.3175175189971924,0.6938970281120878,0.2783295766384123
10308,0.6703725755214691,0.3310525494621801,0.5167151104102498
10315,0.9015086442232132,0.2804871518572071,0.8778123001170215
10323,0.7595797181129456,0.1673849628715418,0.8608732743940902
10328,0.8017549812793732,0.1869165262918913,0.8342097723947253
10329,0.7888628840446472,0.2146524704891852,0.7966099592867976
10331,0.7627564966678619,0.2590055747582874,0.8329261917593286
10343,0.4114299416542053,0.0865599081791001,0.5119239855499287
10349,0.7854155451059341,1.1205213195188826,0.780640554829865
10357,0.5273163318634033,0.6914772600681311,0.3572052534536931
10369,0.6555154025554657,0.4209497159446956,0.6994752554265511
10379,0.900636151432991,0.1922481762851633,0.7787852411689732
10380,0.567027360200882,1.0019276636171586,0.3883675962481328
10384,0.7743462175130844,1.469623306043719,0.7114434486169297
10385,0.7159252464771271,1.4018216236988927,0.6285968471779322
10387,0.7732682526111603,0.9320869256503018,0.6882702177540809
10392,0.739175945520401,0.1701029492364064,0.6710384060630938
10394,0.5263178050518036,0.2341201907085029,0.6595389061968753
10396,0.8654678165912628,0.4001227250181983,0.7577726390903405
10400,0.9236152321100236,0.1731881189534867,0.8766023390581957
10402,0.8633681237697601,0.1811392437498785,0.9063754111487564
10404,0.575483113527298,0.2793872393630217,0.7110836502163382
10407,0.8827127441763878,0.5055720570104604,0.9049353784192762
10411,0.876190297305584,0.8184263434128526,0.7669854436269555
10414,0.80035699903965,0.5039413794758861,0.6371732572054103
10416,0.4728248715400696,0.5628153129138793,0.3534892213027426
10423,0.9312207326292992,0.1357490620141615,0.828664175665848
10424,0.8323476761579514,0.3518910885752706,0.7026005732271445
10428,0.8491787016391754,0.2099817842292047,0.7525991608076485
10430,0.7388136684894562,0.2755916619196326,0.5445487132795002
10432,0.8593525439500809,0.191309466513356,0.7659668162677011
10441,0.7999805361032486,0.2863142200127686,0.6220773856796373
10453,0.8930224031209946,0.2056554841428859,0.925401128127661
10455,0.884846642613411,0.2520957217968685,0.7454513858946712
10460,0.7411316633224487,0.4991067268156349,0.6740469089730663
10461,0.7165507078170776,0.4724131975974627,0.836804642141978
10468,0.8534530848264694,0.1948188169108138,0.9073484010610848
10475,0.747532844543457,0.3864971836266298,0.5964410045392364
10476,0.9040887281298636,0.178715033562418,0.780206222718168
10478,0.9212194830179214,0.1584569637110832,0.87419585268927
10489,0.8298927545547485,0.3467044230488439,0.8357373004199519
10511,0.4863331317901611,0.4566109672946525,0.5574076552112435
10539,-0.0407778024673461,0.263933066523951,-0.6153172936332243
10548,0.5426816046237946,0.2431865436625347,0.3503775860495131
10549,0.3364969491958618,0.206692526488296,0.2255384275314089
10554,0.5271715521812439,0.1719941138290249,0.4511615279883262
10566,0.8422519266605377,0.7572607411012902,0.7979464834576129
10567,0.7895932197570801,1.5577443803377615,0.7493021478708979
10570,0.717369019985199,0.1751514862682047,0.7270956219185939
10571,0.8321732133626938,0.2372123868423266,0.8329117615904498
10583,0.8409940153360367,0.6775647261623199,0.6603156103023707
10584,0.3617759346961975,0.3024186980332656,0.5290808214095347
10586,0.3627013564109802,0.4170128596093128,0.1905288725396465
10587,0.7552889436483383,0.2593019549224768,0.6487029521215717
10591,0.7846745550632477,0.1869129188845416,0.8673170360813469
10594,0.8051492422819138,0.4589760312884399,0.6948260324927131
10595,0.6265975534915924,0.1259876734247271,0.5039793962314157
10620,0.6987777054309845,0.4204474243233511,0.7850694661353028
10632,0.9064528420567513,0.0607974899245453,0.8902312594570831
10641,0.6793531179428101,0.3247453021678063,0.4938041174522016
10651,0.6767806708812714,0.3663820807775865,0.5209698065328576
10653,0.6907903254032135,0.2241732634285142,0.7308124001899869
10688,0.4288108348846435,0.2353904422920092,0.527490917581579
10701,0.2262880802154541,0.3295097423279615,0.4601081417467132
10713,-0.4930449724197387,0.0754333820801304,0.4902723546347504
11048,0.5992914438247681,0.0372872356716177,0.6580645440110344
11306,0.802550733089447,0.2145176493396168,0.7159164662947575
11308,0.7470586597919464,0.2199674345698737,0.5623059124546708
11309,0.7791997790336609,0.1890119351006913,0.5682835132582162
11312,0.6851240992546082,0.1381641616907214,0.5704075274264839
11327,0.4733908772468567,0.2574142790673662,0.3527438307790582
11334,0.589084655046463,0.3106998810420132,0.4976992425197081
11335,0.7647859752178192,0.2234092327724,0.7240966138001539
11337,0.7914931774139404,0.1274834413738547,0.7614757286827402
11350,0.5702387094497681,0.180835776303383,0.4484593391827601
11351,0.6455117464065552,0.14935604539822,0.549664793742686
11352,0.5348065495491028,0.1755113065428264,0.5919419240182606
11353,-0.3316562175750732,0.2363272343768527,0.1012232776863087
11357,0.3868573307991028,0.1930065982782726,0.3825286583901203
11368,0.8147125393152237,0.2028610825797684,0.7508753630043623
11370,0.7407575845718384,0.1827171582432702,0.5884890871766282
11374,-0.0422432422637939,0.1294785352849054,0.47840912249482
11379,0.8265223950147629,0.1486435138193504,0.6752152348296077
11385,0.8886109963059425,0.1971461151240221,0.6705203177262133
11412,0.7838762402534485,0.0548368653638627,0.6744234965848468
11415,0.7170484364032745,0.0490289302233699,0.7423289894767605
11473,0.4796167612075805,0.4554509612547039,0.6175137713480376
11487,0.5574729740619659,0.6193943887518608,0.3800964303189907
11491,0.1944227814674377,0.2240211413531044,0.3974489785115862
11500,0.7205961048603058,0.4527802635812424,0.7185675595030477
11502,0.6419369876384735,0.2692146099921312,0.4315758244061239
1151,0.814611554145813,0.5042370442327505,0.6604983756949216
11524,0.7852849960327148,0.1272236362878546,0.7431089196849334
11538,0.7710763365030289,0.7519790843099251,0.7559610270195807
11556,0.846806526184082,2.241149343005733,0.9059448802464078
11571,0.8086045533418655,0.3784443507688755,0.8741137170141643
11619,0.7537335306406021,0.0252831331758942,0.7797510038941271
11620,0.3773845434188843,0.1359718424617006,0.4989771597707895
11622,0.6737681031227112,0.2378382551555661,0.4785101104572826
11623,0.5052681565284729,0.0386767714223126,0.5779512899821344
11628,0.8863257691264153,0.2016985120157903,0.6871827193417118
11634,0.5654420554637909,0.0449524314243125,0.5393570161237798
11637,0.1172142624855041,0.1234523510751146,0.3711692822550547
11639,0.3573245406150818,1.843396557050769,0.663968519001099
11675,0.7037131488323212,0.3914959924573148,0.546676378192659
11676,0.7434177100658417,0.2549528413062514,0.7245625196860905
11801,0.8518063426017761,0.1173711688444251,0.736900900736942
12010,0.0530584454536438,0.0253507984947029,-0.1096819696226871
12014,-0.510151743888855,0.0244020515937804,-0.3490357374956105
12043,0.3366512060165405,0.1276452491437243,-0.1182329811633253
12059,0.3561692237854004,0.1140826545506296,0.2423168785815076
12061,0.2890676856040954,0.1753979849173846,0.1626637318894972
12115,0.5570682883262634,0.1405908622631672,0.5570195717185451
12125,0.4269225597381592,0.0821641231876507,0.3155810813287099
12127,0.4521694183349609,0.0562261552405015,0.456290063879597
12189,0.6628071665763855,0.1572032994185089,0.6923586542972644
12202,0.1750037670135498,0.0399138291881885,0.275785452572819
12239,0.8819512873888016,0.1813461829532889,0.8641152779153666
12244,0.8368326425552368,0.1718159812686959,0.8361579447758966
12279,0.7790949940681458,0.2230241480002984,0.7613392706974722
12305,0.7308533787727356,0.3661019531841842,0.5410161160849349
12315,0.7716898769140244,0.1718822011739532,0.679940681178655
12320,0.5074829757213593,0.1882173801849189,0.4782372659384994
12354,0.2833635807037353,0.2383229422443724,0.490406448104783
12383,0.7317672669887543,0.1068742448029968,0.4918600558120909
12412,0.8840494900941849,0.1663675840883169,0.8364103433175634
12417,0.7117379009723663,0.7639897458127306,0.7085579970632514
12430,0.9103562012314796,0.3799438623635163,0.8179184641955692
12476,0.8258086889982224,0.4846945293219309,0.7902102576148627
12498,0.6362363398075104,0.422413482328659,0.576081293730872
12511,0.8250577598810196,0.255829336135673,0.7482480783732539
12554,0.0261532068252563,0.021056847639555,0.0999831893220206
12611,0.894887775182724,0.2250732276222165,0.8686955306466975
12614,0.5622822046279907,0.2274806066253734,0.2045742824977998
12651,0.5665856003761292,0.1254952350871694,0.3474947412270075
1534,0.7410619258880615,0.8366819970244952,0.827659541105058
1556,0.6835206747055054,1.295777327419937,0.6895490447330765
1566,0.8335772156715393,0.7382247338032484,0.7370052012573084
1576,0.7270727157592773,1.1402132519147103,0.7575845141864908
1596,0.7188300490379333,0.4629735751613516,0.501791584906496
1608,0.7582155168056488,1.2138289355805456,0.8150457006881355
1801,0.7990003377199173,0.3239244711167732,0.8542406412791417
19008,-3.659883975982666,0.1614671013871407,-0.426381944412135
19039,0.5185477137565613,0.1803215594966066,0.4508060524579119
19049,0.5055221617221832,0.0850852325673998,0.4460473525115103
19050,0.7026603519916534,0.084018279040974,0.6605150291107011
19063,-1.1737639904022217,0.0305101776686805,-0.003150464118774
19087,0.2883256673812866,0.6702613526506553,0.1631338562667073
19092,0.4353751540184021,0.6144031055653832,0.3288599891181764
19108,0.2873398065567016,0.2956139988293884,-0.1549751918433957
19111,0.1707847714424133,0.2953497958978684,0.2340468422368322
19118,0.3133629560470581,0.1067115402927991,0.1347407286874529
19122,0.0818790197372436,0.1313180216432212,-0.062126271277445
19123,0.1220774054527282,0.0852970757924931,-0.0040534209272493
19127,-94.93312072753906,0.139489403448254,-7.696834271985768
19128,-36.660587310791016,0.195262654619746,-5.082784532178876
19135,-4263.3173828125,0.0708278242620684,-61.12467072233567
19153,0.4725876450538635,0.2171578023352469,0.434293965503014
19154,0.4639775156974792,0.1925558290090592,0.3983183242190186
19158,0.6629538238048553,0.1953304187184392,0.6243685411603038
19159,0.6967741250991821,0.1891201573720701,0.6090467867345997
19167,0.867342546582222,0.2586996391832455,0.7880257556749214
19170,0.8850341215729713,0.402726889095793,0.7473538152358414
19172,0.8205283582210541,0.5652335556435595,0.6811278636263096
19183,0.6036335527896881,0.2163974243733092,0.7023453669036819
19185,-0.9332752227783204,0.3040340949000026,-0.3092594846922034
19197,-4.349712371826172,0.0526171325805082,-0.8431507302814716
19313,0.2028613090515136,0.0976164116662599,0.5354913951743034
19382,0.8786363899707794,0.2601985192541539,0.8270268292479447
19383,0.2831284999847412,0.1247140661359894,0.3588736440193599
2010,0.8457381874322891,0.4772848376991784,0.9137529887254064
2026,0.8124077469110489,0.8821512970098682,0.8101602530646757
2027,0.6931843459606171,2.4825470155257188,0.5250564569015874
2034,0.9329134970903395,0.6750853599334586,0.9026988951236078
2040,0.9337750747799872,0.4977757033585616,0.8867489984533404
2058,0.6732406318187714,0.7382701893134342,0.7351831912208218
2062,0.3598758578300476,1.1510599517520648,0.3519055288667507
2090,0.9108727276325226,0.4121209635619327,0.8768491644754225
2103,0.4979998469352722,0.6183439598644154,0.7187160202890122
2106,0.681426465511322,2.497692091908093,0.5040434217353249
2107,0.6843342781066895,1.891323622577216,0.5967371323759002
2115,0.7998759001493454,1.540442221053558,0.7025372500119768
2126,0.580426961183548,2.108321202159052,0.79222812990022
2128,0.7538768798112869,3.07113007587307,0.628502362942823
2152,0.9567944183945656,0.5860202222287019,0.9492246045671452
2164,0.3856871724128723,1.928341415353168,0.3554412763443497
2180,0.5344894826412201,1.4986483524013474,0.6884422764665281
2193,0.312195360660553,1.6122823583118386,0.5694135511695925
2198,0.3870415687561035,0.4335312497569241,0.5144621049831224
2203,0.7292791903018951,0.4274908966634468,0.5985867799630574
2229,0.599619597196579,2.681719218281109,0.4584358609554425
2270,0.6931222975254059,2.285902739317262,0.7155425893651928
3001,0.6482943594455719,0.4177274096343257,0.8079644429372472
3003,0.621944010257721,0.1875071126860357,0.7579887338105429
3008,0.5528531670570374,0.1322894666581436,0.673929055643218
3014,0.700834184885025,0.1674941699593375,0.6564682951688707
3017,0.7623302936553955,0.1821394500543992,0.637086119521693
3029,0.8904061987996101,0.282832488518058,0.8050745880133666
3036,0.9376091435551644,0.2016175989500157,0.933075682629921
3042,0.8658464550971985,0.2759160109692379,0.8512477285461397
3059,-0.3059214353561401,0.0828873629966323,0.3967959141767158
3068,0.5032325983047485,0.1143122567773341,0.7207703811864987
3073,0.6504964232444763,0.5916275436827048,0.4946371315089052
3074,0.7529730647802353,0.3309861959088472,0.6626974208697707
3076,0.8076731115579605,0.200145799049829,0.78066525527122
3079,0.7196118235588074,0.3412108274480405,0.6646753765421796
3083,0.6571107804775238,0.2731477701092623,0.7948811645143005
3085,0.8231189250946045,0.3903508559500885,0.8212667669478717
3087,0.8072628378868103,0.6439473831009254,0.6711001002644359
3102,0.8868934437632561,0.1659828826929142,0.8053307090554833
3106,0.8456487357616425,0.379066335150807,0.8314906547638464
3135,0.8331067860126495,0.2884296629637636,0.9123701556535162
3136,0.7443820238113403,0.6869064065974613,0.7877759746382519
3147,0.8782753497362137,0.77033582733303,0.926742936757264
3150,0.7591413110494614,1.1055720520279724,0.8679410246397701
3156,0.7949845343828201,0.4283901743832395,0.8434741188269764
3159,0.9124094247817992,0.1506921050065429,0.8284484063655871
3169,0.7796782851219177,0.5307073065161877,0.7894755923489418
3178,0.8217217922210693,0.7654692043685422,0.8414154813248691
3180,0.7773849815130234,0.612134967748505,0.6210331329276623
3201,0.7804141640663147,0.5897393544761589,0.8292366940696789
3210,0.7345762252807617,0.4767592602387059,0.57318575678896
3218,0.8417331576347351,0.4582959795671244,0.8878703110465417
3219,0.911520704627037,0.375284881464954,0.9543090060771788
3220,0.9036405235528946,0.3929950341294342,0.8642929345765762
3222,0.9291196838021278,0.2918802512470464,0.9144797892856884
3225,0.9414062686264516,0.2565315821995526,0.8722679065937194
3229,0.9086312875151634,0.2897954232164142,0.807485660328739
3234,0.7433304190635681,1.2150777119246037,0.817039888153793
3247,0.8028694987297058,0.5763914821239592,0.8036933281360323
3248,0.7973092347383499,0.6129585194469331,0.6957381227718563
3271,0.909875214099884,0.3740368036416703,0.7960399248504422
3291,0.8267523795366287,0.4638427888577192,0.7031331580373557
3292,0.8582362532615662,0.2926119602741207,0.7275294742867237
3293,0.8012655228376389,0.3208210792100384,0.6151767654456615
3310,0.8636325597763062,0.5079787349042267,0.7672515683711768
3315,-0.1441162824630737,0.2413708623855459,0.4789918686864036
3329,0.760548010468483,0.2090697782472662,0.6659910471433192
3334,0.7269594669342041,0.3756129698961185,0.4710082554310291
3407,0.7763535529375076,0.444455409494216,0.7829051676999026
3488,0.6712485551834106,0.3214726604677349,0.4760146009930458
3569,0.3691479563713074,0.9010554112321384,0.3437280683790794
3577,0.8012021481990814,0.7737202368390377,0.675245448391505
3603,0.5665069818496704,0.2797178017595191,0.5124702713905331
3637,0.7079426646232605,0.3293402850226414,0.5332389642136344
3669,0.5748143792152405,0.120357312179948,0.76285419918005
4005,0.5638771653175354,1.9764654565442008,0.6852690588095436
4012,-0.2095474004745483,1.2340395990846769,0.2566317308120521
4027,-0.274943470954895,0.6252773146521937,0.3264145322035027
4032,0.8516001254320145,0.3202536808065933,0.8040908775961504
4033,0.8347113728523254,0.7525757032949648,0.8809196918474469
4034,0.8831701353192329,0.6433386896047156,0.9149995743639544
4036,0.7753165662288666,0.5205557337703737,0.8577503754398978
4043,0.5561186969280243,1.1957889679355995,0.4817950556517654
4068,0.5473611354827881,0.9683480197845474,0.7419548192954302
4071,0.6254655122756958,1.2915510259156004,0.6170152932182464
4085,0.513603925704956,1.8877868788012515,0.4565255231804044
4090,0.6178539395332336,1.4871145566464756,0.6605923286846292
4095,0.2755418419837951,2.6144172240806984,0.3901795886138327
4102,0.6303546130657196,1.9130232500337463,0.6884855411262052
4105,0.6777792572975159,1.1339046080967576,0.814872236842799
4107,0.2920867800712585,2.977016624591348,0.48300310259624
4116,0.716734915971756,1.7615229123498912,0.7292976717541225
4141,0.7853967100381851,1.3523395928330546,0.6423696685547642
4145,0.7590289562940598,1.78938650337383,0.8499429743082627
4148,0.6009277701377869,1.9861576753624992,0.6088118132289967
4158,0.1325939893722534,1.5315163049929004,0.2477603041212975
4159,0.3865264058113098,1.7487797570031591,0.6346350110361832
4160,0.4701694250106811,2.220127591427303,0.3751469880618875
4173,0.4085703492164612,1.7763959768016515,0.6831831583670376
4175,0.1044361591339111,1.9043987853339808,0.4906014163262144
4179,0.6482647657394409,1.9297235153482133,0.7656081080841377
4181,0.7676787674427032,1.5023195293535183,0.6292910562165474
4197,-1.0371696949005127,0.7079065710885515,0.23847240314356
4226,0.1967640519142151,1.9300340966686544,0.1875633975537289
4235,-0.7066707611083984,2.1321433558193044,-0.0782070763064175
4238,0.3542311787605285,0.9322264806594348,0.4647831074919949
4240,0.6275378167629242,1.3432811540135696,0.4385039437904795
48002,0.3594579100608825,1.3605625183450332,0.4205606684406671
48006,0.6467004716396332,0.4729618629279278,0.7456126859052803
48011,0.599228709936142,0.8030459131271639,0.5350415003411793
48021,0.7143398523330688,0.3281468316036098,0.7855761518847987
48029,0.4865270256996155,0.2192325463851173,0.6213760455689918
48030,0.6379686594009399,0.695646741446762,0.6527437299849641
48038,0.6940701007843018,0.2658894148453446,0.7667574512119408
48056,0.5815234184265137,0.3870660205202352,0.558027049910225
48058,0.7221530377864838,0.3590660840711342,0.7273998507593759
48069,0.7080397307872772,1.1496300765781235,0.7891644818335817
48071,0.5348765254020691,0.9184889273248632,0.724886960718393
48075,0.8274318426847458,0.2891418116250641,0.8790133071363186
48079,0.9036384299397467,0.2663023111059024,0.9148546784643656
48085,0.774646446108818,0.6204191418895786,0.8038636467176212
48088,0.2544831037521362,1.500870372661829,0.6321970339769452
48089,0.687973290681839,1.066823689009579,0.6743681526140141
48090,0.6436004042625427,0.6088464351932197,0.575786909959234
48091,0.716896116733551,0.9164453730642722,0.6225802901276414
48099,0.7861539274454117,0.9627473117114276,0.8167529182693261
48110,0.7045335173606873,0.8449192775451833,0.6605922608268086
48123,0.6432673931121826,0.5587610914422396,0.6524804011759675
49014,0.5594588816165924,0.6088722796284397,0.4439655196071397
49047,0.5372097194194794,1.3063419382694952,0.4295992749324394
49052,0.8100132346153259,0.3891227445723927,0.8998374692879744
49053,0.8195785582065582,0.2756938077066234,0.9077987024941342
49054,0.4832026958465576,0.34999335103872,0.7167882198651827
49058,0.7124848961830139,0.2878951782736054,0.7355950172810781
49070,0.5254000425338745,1.425986664488983,0.5294231203372846
49090,0.6220915913581848,1.0034995238488802,0.6854935896649146
49093,0.5364159643650055,1.1325274931073608,0.7566722633648749
49094,0.3399180769920349,0.986860407358408,0.5150754426217312
49095,0.4332263469696045,2.1546442438310702,0.3746499269802104
49110,0.3600488305091858,0.2514241157807877,0.5300215763398248
49114,0.5451146960258484,1.1045490118733674,0.5549078846223943
49120,0.534050315618515,0.7703630628105074,0.4274027210191092
49123,0.3710082769393921,0.601320688767438,0.4116615900929854
49125,0.7251613140106201,0.7935361664263357,0.5888704192346613
49126,0.7499208450317383,0.743433178010799,0.6426751033085121
49127,0.6790865659713745,0.7516158499389942,0.5782430213934106
49128,0.7702500224113464,0.7059985042183352,0.7196929350607415
49129,0.684778094291687,0.2326780878479596,0.7869884538148779
49149,0.7002423107624054,0.2297689270825099,0.8377389287011345
5013,0.8191507458686829,0.2084433066661663,0.8775930124644384
5033,0.8610599935054779,0.2080593493020515,0.8057864933920914
5055,0.7336557507514954,1.2625636528511803,0.7644157275341964
5063,0.8423788249492645,0.9133167648262844,0.73959909733591
5072,0.6089155673980713,1.42930597936791,0.7421927082633542
5074,0.5336418449878693,2.5289103680312857,0.5705533708432307
5085,0.6817325949668884,0.7313625151318867,0.7436592319678552
5092,0.5862808525562286,0.7330799045986301,0.6453488385514035
5094,0.5819573402404785,0.8640953816508876,0.6911362948034484
5105,0.6054728031158447,0.802387023174859,0.7144337342511481
5122,0.294390857219696,1.2076965769893688,0.3270506803974383
5132,0.6568297147750854,0.8416152014593267,0.7267166801678915
5135,0.5332534611225128,0.9927574383071056,0.6900899118298671
5148,0.544281005859375,1.4516281293767783,0.6012148375248392
5151,-0.2095831632614135,1.775393579394544,0.4240846981313058
5160,-0.45380699634552,1.6969408925226164,0.3316594775994113
5166,0.3873416781425476,0.9546244973529384,0.6967906730116076
5171,0.5896914899349213,1.0990702254235611,0.5041274301942322
5190,0.4289637207984924,1.2877244883257686,0.3619141533478737
5199,0.2236377000808715,1.0398475721419411,0.1230136555455854
5208,-0.4674928188323974,2.207466015149119,0.3587191156880763
5211,-1.050513505935669,1.3343926582686767,0.0661152371032703
5250,0.873650848865509,0.4661038093875275,0.8055670053800992
5254,0.8238560259342194,0.5525557967531125,0.7771497933803541
5262,0.6176497638225555,1.1494487021516766,0.6989476902699723
5277,0.5548836886882782,1.149053447356783,0.5218735360039557
5280,0.3981814384460449,1.2424962841569382,0.6342468184300554
5287,0.7245274484157562,0.8098724500872398,0.713454290578652
5292,0.6942112445831299,1.476523262592502,0.6460729791786732
5311,0.6931338906288147,0.8368619637759548,0.4926658773831297
5328,0.5335033237934113,1.4700302063829245,0.4406390145483451
5336,0.6694972217082977,0.7128079301084724,0.8035925947821121
5347,0.8404660671949387,0.6534171267908682,0.8699569879551431
5352,0.6897371709346771,0.6679788555250863,0.7303826931271429
5358,0.6483436822891235,1.5222602403646828,0.8133107341702308
5383,0.5571381449699402,1.9838924872624109,0.7665906743831521
5403,0.4756533503532409,1.7747127972207273,0.3496469601532935
5449,0.875931903719902,0.6875373656782563,0.8874328398490325
5453,0.872828409075737,0.5454766242388566,0.789620884355696
5458,0.8128945529460907,0.923076041233424,0.8275749359093065
5459,0.8130858838558197,0.6090735888266839,0.8394015232304008
5461,0.3958511352539062,1.240738173158455,0.4223578664569668
5507,0.6315308511257172,1.1582718261104843,0.5632119952740102
5552,0.2757472395896911,1.851821816871934,0.3313747370953459
5555,0.492726981639862,1.3194920626073092,0.5130860685023
5580,0.2702955603599548,4.689642861439097,0.3929125611633878
5583,0.092274785041809,1.6559126888330586,0.4472728749614519
5589,-0.1833668947219848,2.805708505429198,0.4698854161164731
5597,0.4515252709388733,1.398890075760522,0.3510414083693145
5600,0.4889622330665588,1.0131540611283214,0.4059144059236171
5604,0.2751666903495788,3.430582194840497,0.4004155870780079
5607,0.4553332924842834,1.1516198939768485,0.4511320896404603
5611,0.1118122339248657,2.5017222194446247,0.4853149690026622
5613,0.19657564163208,1.9100154520578123,0.5906552985555686
5635,-3.119633674621582,1.559380889453354,-0.5087906132432365
5642,0.1499900817871093,6.04688288567396,0.5018134205590474
5652,0.5468814969062805,4.292369130738479,0.7218893892787397
5662,0.2653404474258423,4.176534615083564,0.3401016417687036
5664,0.1005510091781616,2.345280160496712,0.5247581848904577
5733,0.7179957926273346,0.9131714153568982,0.7671986606194501
5736,0.5045364201068878,1.1271264324773524,0.6147129200588515
5746,0.7794532924890518,0.9087302698252444,0.6755459740622872
5758,0.4425931572914123,1.63710006605636,0.3591403559542335
5759,0.6241285502910614,0.8819614798401597,0.7181154232006655
6065,0.8273965865373611,0.1222629248226465,0.68273338975369
6067,0.8660029321908951,0.0964572640604166,0.8225534006187405
6076,0.5724467039108276,0.4659575893847911,0.3761685230117056
6077,0.673344612121582,0.3161167657216436,0.5382900348747773
6084,0.610708087682724,0.2728761769731121,0.414692724406517
6086,0.8194093555212021,0.1064444463152159,0.6966274854657415
6089,0.5878938436508179,0.9451799536223852,0.3859301208082125
6134,0.793240413069725,0.3604808875108639,0.8479838268238639
6139,0.8747397810220718,0.1865360994684805,0.7231156474416343
6141,0.7248068749904633,0.2050781522478358,0.780958331308921
6143,0.8370491713285446,0.1592571561499013,0.8265573077262522
6256,-0.2608015537261963,0.2380611779198023,0.5169528634277163
6259,0.2498142719268798,0.1736351774674687,0.4475858535069431
6295,0.7258206307888031,0.3310192393001385,0.8424745007448937
6345,0.7497329115867615,0.9351187026820572,0.6625741020013758
6349,0.7994765937328339,0.8099890938366064,0.742162485316211
6373,0.6482335329055786,0.907438189868519,0.4762575404331326
6387,0.6829743087291718,3.159075690183537,0.5712045167685874
6407,0.3730805516242981,0.4126128966998496,0.3754958786253773
6411,0.6016557216644287,0.1243577940699336,0.6712005038829187
6414,0.4419100284576416,0.166104607016417,0.531428046848806
6424,0.608139157295227,0.5641123921316542,0.7028300440036214
6443,0.0803332328796386,0.8604505570751637,0.0085365756603825
6473,0.5807077586650848,0.7885451934480264,0.7816137412871847
6491,0.8151580542325974,0.6741902801761892,0.7675920510183248
6506,0.3512893915176391,0.5094711213018376,0.4030304725519663
6549,0.4870780706405639,0.2474937655044189,0.3981636158988598
6562,0.2796012163162231,0.0855029264328841,0.5487659693095288
6563,0.6081971228122711,1.3643810131938283,0.4837853972541165
70011,0.815711498260498,0.4221863833736672,0.6894893943344298
7003,0.7648152261972427,0.1949413110220466,0.7196427903946407
7004,0.4603232145309448,0.0696709925672021,0.5836275460068321
7009,0.7696593105792999,1.3344154387517464,0.5477205173424875
70102,0.4008454084396362,1.3757446180207509,0.261128314723399
7011,0.8357688039541245,1.7373364570547631,0.7616055333917127
70117,0.6924086809158325,1.337789712706021,0.4540541835629128
70118,0.7700809836387634,1.098386094259242,0.5553480613584287
7012,0.8349745869636536,0.7592742036711596,0.7375414580937166
70129,0.3993570804595947,1.7265071255879052,0.408883810015452
70147,0.7482931315898895,0.7060423621741462,0.5968752274124052
7015,0.7223789691925049,0.7506944699502572,0.5957367062024552
70158,0.8315274715423584,0.4570853535506961,0.7652978758901097
7016,0.6694700121879578,2.2105606890278966,0.7595581277689791
70175,0.8264983743429184,0.7597486793177712,0.8112878532152117
7020,0.5175855159759521,0.6516208412159173,0.5659929607378386
70206,0.8576064258813858,0.6039112362279498,0.8707283861820082
70209,0.7388449013233185,1.1978996054498634,0.6285839156464348
70211,0.7918094396591187,0.9404036695579124,0.834548185013631
70212,0.7851767241954803,0.9461632990454348,0.8129430027408251
70213,0.7489885985851288,1.258734844688544,0.8135914013678517
70217,0.7700434923171997,1.05966082067718,0.607144034808592
7022,0.7621957510709763,0.2790383295995376,0.798175064199775
7024,0.6493299305438995,0.3357834240863865,0.7576761935865378
70242,0.9349831640720369,0.5746491823599348,0.8441030452550262
70246,0.5817038416862488,1.429748533853472,0.744247069677171
70248,0.8185334801673889,0.8327879710637848,0.70419066774863
70250,0.8163816779851913,0.7350858940486706,0.8685816627563687
70284,0.7956426292657852,0.5099179270565047,0.7006772726171109
70288,0.8430343270301819,0.7297058609606718,0.7555611242197484
7029,0.7439486086368561,1.0786023396273348,0.7192637893651757
7031,-0.4082849025726318,0.9954286935675044,0.2656784690287207
70328,0.9107133820652962,0.542570091281459,0.8218769995100319
70331,0.9314592331647872,0.4928374918259223,0.9156853628116663
70334,0.921626441180706,0.464087568434433,0.8893674083678272
70339,0.8377981185913086,1.0911511745033853,0.7129518718148443
7034,0.4072347283363342,0.2631772948238495,0.517227937950765
70340,0.9055257514119148,0.6813618218227561,0.8194063676059037
70345,0.8440137803554535,0.844660056257939,0.7430226646758081
70348,0.8893700987100601,0.613104023200296,0.7575381623726944
7036,0.47927987575531,0.4534344602991667,0.6011670461768674
70378,0.917265184223652,0.8461293122346096,0.815216088021875
70382,0.8461275845766068,0.8851375850584952,0.8576383264296426
7039,0.711558073759079,0.3087468552139683,0.6476595456053693
70399,0.8906526565551758,0.8524555108551799,0.789716655598257
7041,0.6791675388813019,0.0379599372939458,0.6528652381453712
70410,0.8265380263328552,1.1460715595325612,0.7138601551356882
70414,0.8844584822654724,0.8927576397900344,0.8203077002047007
70444,0.8618331849575043,1.2586021077348004,0.8421151292757493
70459,0.8109979331493378,0.9533264697657002,0.5957266028689625
70466,0.8973682522773743,1.346859063144933,0.7588291576757814
7047,0.8935814499855042,0.0549996061541262,0.8122939305116218
70486,0.8452323228120804,1.5578581716257105,0.7601960671865466
70499,0.4276900887489319,2.686769696745672,0.6085986928537985
70509,0.8412487953901291,0.8802260936924095,0.6880863332621531
7051,0.906120389699936,0.047670860083425,0.891899649442721
70512,0.83260677754879,0.9450245253090084,0.7153143302633139
70517,0.7283135950565338,1.222533247247913,0.7946557302059721
70522,0.8311923742294312,0.952541704391248,0.6780145487845413
7053,0.9191992729902267,0.0444797705604495,0.8726795637724497
70531,0.8988794162869453,0.6248494682231606,0.8884777718248771
70533,0.9420663192868232,0.5880136709618943,0.8330766137391199
70559,0.8302072435617447,1.0871449077143591,0.6424097940248744
7056,0.518237978219986,0.5560517257756263,0.5697433222956313
70566,0.6976417303085327,0.8252281047016204,0.5338314828144339
70574,0.6798966526985168,0.7278978116134237,0.8409539854575142
70583,0.6260331571102142,0.9778133773434032,0.5445348797745314
70586,0.6878358423709869,1.134244500422456,0.779192315059739
70587,0.7363247573375702,0.4892484926718063,0.64511468001895
70589,0.9009548723697662,0.8688972389537325,0.7333229679454565
70597,0.4169702529907226,1.5572282742086965,0.238310948695937
7060,0.4117088317871094,0.4320890936318859,0.2599468714277568
70601,0.8471736907958984,1.0003038779128168,0.8387209742504976
70605,0.9143511056900024,0.3804595021841356,0.9222388019994424
70609,0.8302879184484482,0.3904663145089337,0.7870990933723567
70614,0.5695824921131134,0.8823458695829538,0.410002742346374
70617,0.8705103099346161,0.7530011688618498,0.8964825289076083
7066,0.6096745729446411,0.5707068712762987,0.6231548883417405
7072,0.8320635706186295,0.3085996289236479,0.7312205235253114
7076,0.8865360170602798,0.2175773456223943,0.908162643434456
7080,0.6513875126838684,0.4810271546030827,0.5322194844190042
70827,0.8765334188938141,0.7351006514213082,0.8234568946308701
70850,0.922409251332283,0.6416114562504153,0.8837450686543644
7087,0.7354471683502197,0.7519153139590588,0.7179820590973954
7099,0.7865643799304962,0.1096267485155637,0.7684699677756623
71086,0.9622238092124462,0.3074483620116243,0.9376622088220068
71104,0.9003242775797844,0.7176524365218103,0.8652171513283546
71146,0.9250455424189568,1.0092553743980477,0.9278807978711864
71185,0.1995326876640319,2.611824850060547,0.1120268228814808
71186,0.4490212798118591,1.5117073157220589,0.5896803969903626
71193,0.7198071479797363,0.5238765185003498,0.7929215152359598
71199,0.8093376904726028,0.395372852799612,0.7253032059759464
71268,0.8567361980676651,1.5622862097392265,0.7773886936949208
71277,0.771023690700531,2.1774489416712406,0.8035749667825894
7130,-0.2807759046554565,0.10606848221314,0.3357868706433248
7142,0.4440221786499023,0.1360377722911042,0.6149819212787753
7148,0.7506652921438217,0.0860863204396744,0.8542768321580955
7152,0.7758537530899048,0.2221910820979407,0.7772196934937937
7156,0.6498091518878937,0.6292091493179625,0.826541524767243
7161,0.3656211495399475,0.7664542864600812,0.6260057255260194
7167,0.8018493354320526,0.777311276471619,0.8416661076821128
7168,0.814792200922966,1.3548619123949976,0.6835550875010179
7171,0.6121475696563721,2.882284141855145,0.6428024548067244
7172,0.7735720574855804,1.2792908180617588,0.7126876665150235
7174,0.7793327271938324,1.314273408164289,0.6614400056842803
7176,0.2911513447761535,2.120536042407017,0.2516148823480821
7180,0.7980859726667404,0.5553139654686546,0.8976131896226278
7185,-3.412905693054199,0.7314631990861051,-0.993673139539308
7187,0.580096960067749,2.868071957577985,0.6906720962484768
7200,0.7343052327632904,0.3042013495846694,0.7517593337358963
72004,0.4557236433029175,0.7616555603422391,0.4729620093414348
72007,0.6197044253349304,0.6288628889027346,0.5205328693322859
72008,0.736373096704483,0.4372561320054287,0.7036827680052727
7202,0.7559321522712708,0.0776118982573814,0.7083256125633499
7203,0.3075378537178039,0.7999400116363707,0.4317387679237137
72043,0.5576508939266205,0.854777121857502,0.4093491021341178
72055,0.5108402371406555,0.8517267611205049,0.5399045380047242
72064,0.555637538433075,0.6846989226509244,0.6450731582593362
72076,0.6206537187099457,0.6070220956394402,0.6295758192030874
72083,0.5377563536167145,0.4335512879346024,0.5576758522761518
72096,0.6013895273208618,0.6923595903427306,0.7269376259777937
72098,0.7193854451179504,0.8956320373833674,0.6834105206880121
72102,0.6219561994075775,1.0356470635871915,0.6109312041791939
72104,0.4603750109672546,0.6213688990681556,0.6186973337358653
72106,0.6540280878543854,0.8679348586201521,0.6078370839259357
72109,0.5334906578063965,0.9632946660081344,0.5708963946772744
72110,0.7032854855060577,0.7713917350678378,0.7611216758154205
72113,0.6958030462265015,0.791732086858296,0.7272173096958253
72144,0.6228491067886353,0.8582323280335202,0.7008698016082654
72148,0.6802998483181,0.6202936116761183,0.7798112669716991
72155,0.8090066760778427,0.523536046558741,0.8754328505421716
72156,0.7235907912254333,0.7523645637778359,0.7023748893660589
72162,0.7002304494380951,0.6632833734664805,0.794588033399394
72172,0.5548171401023865,0.8608923261529307,0.7482390021931253
72179,0.5851119458675385,0.687490398166536,0.6479305027078013
72188,0.8236463218927383,0.4253267259481927,0.7711897306220138
72191,-8.680034637451172,3187.5201960144504,-0.4780831311283959
72192,0.7336197793483734,0.7265996615842981,0.7113720866109386
72198,0.6884775161743164,0.5638825327599041,0.8377579624353917
72246,0.6744738519191742,0.5904072476185115,0.4797536266542331
72269,0.6964246332645416,0.2739757145539997,0.6730786423709065
72281,0.7205219566822052,0.412946348300764,0.6530975403305739
72285,0.4529672861099243,0.6478534274093104,0.5914997672621363
72327,0.7131489813327789,0.6321717774439114,0.6057317748244775
72423,0.522896945476532,0.8164304519789476,0.584976268014717
72450,-0.2708730697631836,0.2642292630378587,0.4276584216763561
72454,0.328343391418457,0.2293435041205646,0.5207000547550246
72459,0.4478856325149536,0.3617353464360457,0.6915339193555357
72481,0.3237476944923401,1.0717724498037469,0.3978509538965378
72508,0.4480211734771728,0.7665035501013434,0.3388562023017498
72518,0.4402815699577331,0.5884818212639451,0.3231407685272502
72519,0.7188528180122375,0.4846251364848702,0.6020839366767676
72559,0.701584130525589,0.5511168411215076,0.6628743779438175
72566,0.341338574886322,0.7958335428753589,0.3550665876511832
72569,0.6925024390220642,0.3739302596319436,0.541352228118444
72577,0.8230911046266556,0.3013426508034416,0.7104206822290732
72585,0.4686313271522522,0.407902474544526,0.683999405370049
72588,0.5094158053398132,0.5651695166800675,0.528579304102742
72592,0.554977297782898,0.3545503174591687,0.6755415802649001
72603,0.7530491352081299,0.3887661958430163,0.6827669623580821
72610,0.6381965279579163,0.5135753526401279,0.739287728355791
72623,0.7719849795103073,0.3583615151493825,0.7108823484821016
72625,0.7733269035816193,0.2765035124550475,0.8182865551762419
72649,0.6252526044845581,0.255282589106994,0.7511752193488085
72654,0.5002392530441284,0.2912076406209107,0.7560291067983875
72660,0.8029206246137619,0.2279605972003544,0.7844451118924569
72661,0.8249731957912445,0.2275116703425128,0.6909554188926477
72668,0.6408941745758057,0.3382393795645366,0.7016860935604232
72682,0.5703486502170563,0.3981685665792392,0.7486090643234589
72696,0.5831380784511566,0.3109107854284001,0.4691787339295511
72716,0.566081702709198,0.3593838939395478,0.4813774210219941
72721,0.5558844208717346,0.6783127748887234,0.582369199829928
72731,0.7168157696723938,0.7078092309737346,0.7004891282655761
72738,0.4233080744743347,0.3316690264291219,0.7260358851681195
72739,0.5452296137809753,1.2014584083263853,0.6189879521147902
72744,0.6418375372886658,0.6816936570663564,0.6130415977135075
72748,0.7979421019554138,0.5407215792876189,0.7166185335778262
72752,0.5580699145793915,0.7504559958567703,0.5819327664696186
72753,0.6040334403514862,0.2965631980807386,0.6413032744211421
72760,0.7112595736980438,0.3717166491365334,0.6080092228231759
72761,0.4413579106330871,0.8617225487799102,0.524192636425107
72818,0.0688025951385498,0.1221927334135439,0.3960425824807604
73110,0.6797634065151215,0.221551748991459,0.7750096530813186
74425,-0.1805187463760376,0.3857112051194912,-0.0522727384030237
74438,0.3114296197891235,0.369698158942445,0.4976447461219083
75006,0.4835028052330017,0.3336026090030796,0.6895897376257591
75033,0.6730952560901642,0.2965800049442209,0.7005137982805614
75074,0.2869681715965271,0.3629210542500471,0.4340371280634917
75079,0.5546950995922089,0.3945621818276531,0.4993596928513066
75106,0.5307812392711639,0.7547368035491119,0.7151473586776553
75108,0.3117018938064575,0.6988204802110434,0.627743068995562
75110,0.4006938338279724,1.323883329238313,0.3595420055703461
75121,0.3135013580322265,1.261572058686109,0.3116160886069417
75202,0.4935579299926758,0.783394920856702,0.55256670402163
75203,0.5515888333320618,0.8169236802158037,0.5754619889798716
75208,0.7903127819299698,0.344868109499076,0.8355704217379394
75209,0.0170497894287109,0.9477008881398404,0.2400826785487424
75210,0.8030427694320679,0.5887050373783311,0.8164437345863773
75217,0.3599198460578918,1.5579872576641778,0.3514181519685921
75219,0.775113433599472,0.5365956572039501,0.8723824583717342
75222,0.4381927251815796,0.6460187220340609,0.5286083386350493
75225,0.7546771466732025,0.1912322518584362,0.7906525596277445
75227,0.3881286978721618,0.639349132137615,0.4652191719315821
75235,0.5228248834609985,0.2658757961200296,0.5659118327934152
75236,0.4024269580841064,1.298517037903793,0.5041351916907859
75238,0.5343768894672394,1.6511757331913168,0.4326365527453408
75254,0.7823911905288696,0.4455126095270615,0.8315115735897669
75257,0.5306268632411957,0.5677955426301505,0.7273911932188293
75259,0.6929692625999451,0.8361902300539678,0.6887416561130839
75266,0.2659620642662048,0.6548216124761018,0.1773858635907369
75271,-0.2588592767715454,0.9345140908609184,-0.0969552062322416
75273,0.6210938394069672,0.4872943823571415,0.6688049959423003
75274,0.5680988132953644,0.3923712607658546,0.7708411153725733
75280,0.4826185703277588,0.5149153826001421,0.6138674258618684
75286,0.7735340148210526,0.6036249697494263,0.8673074098845119
75289,0.8093189746141434,0.64587267376433,0.6841981851561048
75290,0.7367929518222809,0.7840278449976888,0.520887341232082
75291,0.7651984542608261,0.7400287755320177,0.6028409773390586
75296,0.6162824332714081,0.6847823354767912,0.3947882222567602
75297,-3.020984649658203,0.5034772540166225,-0.4968774983990001
75299,0.1732950210571289,0.4540148744593665,0.5652276212361564
75300,0.3315294981002807,0.3775751190413185,0.6472161782080675
75301,-0.1204177141189575,0.516652095753288,0.445078727015191
75303,-0.0791255235671997,0.7598988237293817,0.4225756287847307
75314,0.3122847080230713,0.1275812456084542,0.2878608535216831
75317,0.3326703310012817,0.1154071837562284,0.5284519511985637
75320,-0.3075259923934936,0.180765587401042,0.3870710303140191
75326,0.4026944637298584,0.0934170084191532,0.6906126642551325
75328,0.5567222237586975,0.0925090989183764,0.7143532887765988
75359,-3.892690658569336,0.1661467931584184,-0.2174060523578391
75361,-0.9335918426513672,0.2375226295506885,0.2532330190117305
75367,0.1105023026466369,0.150238703498238,0.3307163966326485
75382,0.2167338132858276,0.4120628728438174,0.2138862773429015
75387,-2.789398670196533,0.1961755851567946,-1.188752332772797
75388,0.4016538858413696,0.4042374940470008,0.4786634381087792
75389,0.0292558073997497,0.4983982865983388,0.2228003353319559
75394,-0.1512795686721801,0.1029007346169321,0.4746815292582967
75402,-0.6125091314315796,0.5596986526920146,0.3292998097956365
75427,0.5406193435192108,0.3502337245862794,0.6359367251523458
75428,0.1659889221191406,1.153739213572758,0.305406799369066
75453,0.5223939418792725,0.2788488622870311,0.4623094356841828
75463,0.5612855851650238,0.1303506327942595,0.7304700261979014
75491,0.1786248087882995,0.2205925217029697,0.4052624601238028
75497,-0.0167105197906494,0.1675225697086506,0.2820814505707598
75503,0.2841699719429016,0.3111410514665021,0.172095092525955
75518,0.4076873064041137,0.0648810636926612,0.6500695201096136
75520,0.0326722264289855,0.1364828595173923,0.4357560883727189
75527,0.0672470927238464,0.35342238445322,-0.013962627716376
75540,-1.0932247638702393,0.2757065496234711,-0.538047876098884
75543,-1.521423578262329,0.0755402222221909,0.105055165181701
75547,-1.6385233402252195,0.2926360721017047,0.1863846975669899
75552,0.6177566349506378,0.1647320493218986,0.4463411157411965
75553,0.7456700801849365,0.1255338860553845,0.6540313277278341
75561,0.3143914937973022,0.4785667080763325,0.4965582967939965
75573,0.6040733754634857,0.2137500494404785,0.6266607885300941
75576,0.2096002101898193,0.4574036670321814,0.5245210401071156
75607,-0.4169943332672119,0.6833944629641922,0.0054483068808014
75608,-0.142897367477417,0.516924175058891,0.228006919495471
75615,0.3783630132675171,0.2129422308992775,0.6965375424004183
75624,-2.1681511402130127,0.1242585844071704,0.116930352562029
75627,0.1945375800132751,0.1368128044313239,0.567827420922832
75631,-3.902819633483887,0.1808250740761,-0.9052257360506928
75643,-3.3743386268615723,0.1154607150207767,-0.3523812227409488
75645,-0.2828255891799927,0.2729262067617343,-0.3206304918964606
75648,0.677377313375473,0.2555956464110137,0.6999028225205186
75656,-0.5137593746185303,0.431628076017076,-0.5816371918444467
75658,-1.1800408363342283,0.2222518511025671,-0.0253485199175409
75664,0.462322473526001,0.3373042514712062,0.6849567385580813
75674,0.8243838101625443,0.634073249571606,0.7718496811937634
75676,0.8759350478649139,0.321776811196982,0.9315293199397482
75678,0.7944941520690918,0.3890174403007488,0.886072815763249
75682,0.7861219793558121,0.8627208772429193,0.6486241910428165
75687,0.6509127020835876,0.7154673373526436,0.6293561231260296
75699,0.3709262013435364,0.3569106526445211,0.6353282658409849
75710,0.6655808389186859,0.4462364215815252,0.6731087471229404
75727,0.3503920435905456,0.4360734809530611,0.6341000172332686
75728,0.5963039696216583,0.4976091143983855,0.7462395542680339
75740,-0.7455674409866333,0.2230234715063525,0.239174994910828
75749,0.2737374305725097,0.5162692813182135,0.3271429384578123
75751,0.2120524048805236,0.5830064578655614,0.6269742231065609
75752,0.4224724769592285,0.1145744378979121,0.6670269055749878
75772,0.4901648759841919,0.5503501828498776,0.5233561375836158
75776,0.3068523406982422,0.7006751933906836,0.6115563430825539
75780,0.5111532509326935,1.1053121610883083,0.6684869368141877
76007,0.8832638785243034,0.4174508602953156,0.8194207332886255
76008,0.8669993579387665,0.447082831997811,0.7548074028939341
76075,0.7278269231319427,0.6774435821141921,0.7136834248862349
76076,0.7381381094455719,1.0434924464626396,0.6247172234784975
76089,0.9162801653146744,0.7681997950914383,0.9345645759972055
76099,0.8049059063196182,1.0028019631540432,0.6690761931184143
76112,0.7983382642269135,0.919184103414462,0.88586619419093
76130,0.9297848641872406,0.8478161709316152,0.9304417628239025
76139,0.7700384110212326,0.5359828440443579,0.7473865335362259
76141,0.7337212860584259,0.5687700341437508,0.5792091417378843
76145,0.6031349003314972,1.279843838076611,0.567587275446273
76159,0.6997214555740356,0.5393023579238764,0.6580874655283356
76165,0.7739090621471405,0.2419066877702409,0.7780115368746728
76176,0.784782201051712,0.2720466252933211,0.6487549138944906
76180,0.9159617647528648,0.2518341759522018,0.9193143756957162
76190,0.8940387889742851,0.4924290987477777,0.9138793523445116
76217,0.7692875862121582,0.7947596353964967,0.5967648591636718
76243,0.5997840464115143,1.6358160110440034,0.446247420078776
76253,0.7138741910457611,0.3131751634767425,0.833078368908625
76255,0.305311918258667,0.3635297970988286,0.6467665829026022
76256,0.8274169862270355,0.3722960020402409,0.7640204587582529
76264,0.8432494550943375,0.2753407994641407,0.862865878164736
76270,0.502344399690628,0.6031154552752028,0.7274836457308353
76275,0.7453593015670776,0.4105616065085438,0.7714712229845884
76284,0.8198050409555435,0.2250941311442304,0.8811105450628893
76289,0.8379256725311279,0.2412463559853867,0.6329245343512511
76295,0.797644853591919,0.2385091551582,0.671701884062406
76317,-4.5633625984191895,0.5255437578154498,-1.2727941868121713
76318,0.8094778656959534,1.0639103336734863,0.7541258784976189
76321,0.8549294620752335,0.1520601040647082,0.7872863493901394
76324,0.6953314542770386,0.2479407691792926,0.5327511546547141
76325,0.9183913841843604,0.4002524532931528,0.7790465229594813
76345,0.2759861946105957,1.3515520922309714,0.5973119163726412
76355,0.1353480219841003,0.1907429197517259,0.2743490772471439
76360,0.77986079454422,0.3691682149274807,0.7219095907839812
76363,0.870421290397644,0.3337062659344644,0.8178193786116928
76364,0.8630686402320862,0.3041230132292462,0.8831345229293606
76367,0.7792394310235977,0.3223747068805405,0.6605223793875445
76406,-0.0009933710098266,1.0800444613241114,0.3324156962314079
76408,0.2342497110366821,0.6404586669098389,0.4059752300294108
76416,0.7541488856077194,0.3422690155098204,0.7604386796936491
76417,0.8960794359445572,0.1867913823135864,0.8881094733268903
76421,0.4636395573616028,0.8472902413112288,0.4817789520823832
76423,0.6832817494869232,1.1019858770902078,0.7148631611530512
76454,0.6171669363975525,0.5358034105187375,0.6368290311468772
76456,0.8266601115465164,0.1975393662121282,0.8483940507309082
76461,0.5180751085281372,0.6520009082176459,0.6306549417681284
76462,0.7760250419378281,0.3856152868979687,0.8779851255911141
76466,0.7920535653829575,0.4485823560149315,0.8495278770230539
76470,0.554533064365387,0.7996335248184129,0.6164349474182849
76483,0.7005744576454163,0.1633534265089187,0.8374492146701356
76486,-0.0557320117950439,0.1334670989019954,0.1535444760491718
76489,0.4751594662666321,0.2641321897245784,0.4973138609757841
76490,-1.3360168933868408,0.1838269882718212,-0.2778088618911609
76494,0.840510904788971,0.3513492043151629,0.8410578639934849
76495,0.7156043946743011,0.260398337990757,0.6697311648505827
76499,0.2640753984451294,0.2067000420856848,0.2124616169789209
76500,-20.010189056396484,0.7120338621713163,-3.262638327702158
76512,-3.2119593620300293,0.1733267980690005,-0.8093865493481514
76518,-6.182729244232178,0.3155683088850265,-1.1349040903732417
76519,-2.69759464263916,0.16052087703257,-0.3929371653928009
76520,0.2591868042945862,0.1618822528989052,0.576993197421494
76533,-0.0934337377548217,0.1412693137809717,0.4925606889960208
76644,-0.1831622123718261,0.4822637785420927,-0.0771262876169147
76646,-1.7718172073364258,0.8314888489113685,-0.2800335164584271
76648,0.7542332857847214,0.1734675299791065,0.8554238504833857
76649,0.7178013026714325,0.4789687366387283,0.7758046233502682
76650,0.8586921840906143,0.660020486990535,0.834071781335833
76651,0.647177129983902,0.5147468429383392,0.7524710279039175
76652,0.7305155396461487,0.1785926844514179,0.7160890515003788
76653,0.691442996263504,0.7169707708399702,0.5705360163401316
76661,0.6743186712265015,0.3864147069971969,0.8354984998637234
76673,0.871040403842926,0.5669807414529958,0.7258715661727209
76685,0.8694721162319183,0.923158495688539,0.8279859863322314
76688,0.8399818688631058,0.318409488688838,0.9004882555310022
76690,0.8776262700557709,0.6903981764102955,0.8954920271542446
76692,0.8375094532966614,0.6468816038153984,0.8224778175381757
76701,0.8532228767871857,0.2892679953215556,0.8338694151705736
77112,-0.8226398229598999,0.5140020955317637,-0.0824193582291774
77115,0.3750918507575989,0.3995767276139673,0.4291339225502684
77124,0.7803105115890503,0.4471170270186013,0.7098214819915711
77130,-0.1598585844039917,0.452711541535616,0.4220050994281364
77140,-1.7760450839996338,0.1087039816848535,-0.1543636331539064
77146,-1.3124384880065918,0.1653187430416205,-0.1627609866918145
77152,-0.7021898031234741,0.1353137300580787,0.2618911843114895
77156,-0.6960643529891968,0.2887713409356802,-1.1237284402162675
77164,0.5153538584709167,0.2214491817898728,0.2021156495471827
77166,0.0237554311752319,0.4401769991619734,0.2179849381567569
77179,-0.8001545667648315,0.2848783602171132,-0.0077197721616943
77189,-2.1157455444335938,0.4887988894369586,-0.2602413573965838
77193,0.0461153388023376,0.4956299724064851,0.5546809820078322
77197,0.3613857626914978,0.4592242648847163,0.347246135389651
77201,-0.3737512826919555,0.7101079691473171,0.0832392896852877
77209,0.3983801603317261,0.1736422788272975,0.4097418526490665
77210,-0.2350554466247558,0.0944595506373985,0.4292881947910677
77212,0.7445995211601257,0.1369053452855222,0.7183978294848734
77217,0.452856957912445,0.5625495359013862,0.5056928297065951
77223,0.2663927674293518,0.0786164443049063,0.4765129030981722
77231,0.2838815450668335,0.3375403291837209,0.5413844065705905
77242,0.4449318051338196,0.2354433347709655,0.6752209940079508
77245,-12.202345848083496,0.4132057178608537,-2.5160270917324983
77246,-21.311962127685547,0.4603065277717004,-3.529211678893996
77250,-4.289821624755859,0.1868511038113187,-1.1224837310772826
77259,-4.666635036468506,0.2341984719830873,-1.3493812867231036
77260,-3.5478529930114746,0.3213806833345564,-1.0828803716863955
77266,-0.7162537574768066,0.1540014480849402,-0.1658332503769979
77270,-30.72433090209961,0.2418770877368535,-4.218877217368021
77285,-10.074190139770508,0.3119806145818584,-2.1657459954193525
77288,-3.700066566467285,0.2090016028175084,-1.0180198017261604
77292,-0.1414083242416381,0.0940203741546875,0.2023533918776843
77298,0.2252677679061889,0.1833733392183888,0.6043808901514347
77327,0.6452755928039551,0.0615282586645879,0.7736344251943694
77329,-1.7713818550109863,0.1066477539138956,-0.1322753467979234
77336,-5.870425701141357,0.0772206988108037,-0.899949080459008
77362,-9.819414138793944,0.0683402341202987,-8.796359281736141
77370,0.7616602778434753,0.0634414098678671,0.8770085331915298
77397,-3.3068413734436035,0.4168002649542996,-0.4977629495455105
77407,-7.963776588439941,0.2006527489489074,-0.7532883083221298
77409,0.2253753542900085,0.0670784975366313,0.4902219910681538
77801,0.6350567936897278,0.1618358130780256,0.6881960573732033
78004,-0.7060019969940186,0.0460985291355301,0.2536405237689605
78011,0.2133692502975464,0.0488101807046658,0.705954387595944
78013,0.4917289018630981,0.0405269459049965,0.7139757394457235
78016,0.4560273885726928,0.045573711672161,0.5054797257011159
78017,0.2286496758460998,0.0580443994981282,0.3429618696603942
78021,0.0018455386161804,0.0622247356331015,0.2373694964163495
78050,-5.283491611480713,0.1073942365637116,-0.8631135404964778
78053,-0.0610108375549316,0.0786664528242526,0.4967978673856441
78054,-0.2555263042449951,0.058739262935124,0.4881160151138244
78055,-0.1970496177673339,0.101495050994951,0.40804508941129
78078,0.329430878162384,0.0712575908327455,0.7186155529009578
78087,-0.4248971939086914,0.0688365595917932,0.4728401320780482
78092,0.3681984543800354,0.1017584149055441,0.5767842897073749
78111,-0.5572245121002197,0.0788552458141053,0.1701494290543697
78130,-1.1678690910339355,0.1343526940905628,-0.3403606546211986
78132,-0.0524084568023681,0.0543616691264526,0.5199956871834612
78138,-0.037129521369934,0.1166683219965371,0.3720436803905594
78141,0.6569843590259552,0.0773922742723342,0.7573715479272636
78142,0.4601647853851318,0.0703176721683871,0.6668753691172056
78144,0.447565495967865,0.0620312003074225,0.5941510570725131
78160,0.4129989147186279,0.0739982239954702,0.6772468492174402
78163,0.6290322244167328,0.1255247382259659,0.4197504397076458
78165,0.6805194914340973,0.0707757872827148,0.70812315409986
78191,-7.379683494567871,0.0980964087180342,-1.4518506152516353
78196,-2.619032144546509,0.1995074293634309,-0.5983052869603707
78205,-0.8215552568435669,0.1255470316469916,0.2358118646300019
78225,-15.444965362548828,0.1238519729850972,-2.6710806027431286
78231,-19.257463455200195,0.0870930644661251,-3.0486769667551865
78252,0.5527479350566864,0.0585997697598955,0.3479990868021083
78261,-117.09284973144533,0.0441680851271275,-4.871817979963059
78275,0.4532236456871032,0.0827692474467667,0.465487955031317
78277,0.181563138961792,0.0886990455138223,0.438703306797962
78334,0.7026088237762451,0.0195980746785508,0.8401008815158981
78343,0.0164813995361328,0.0952168977956027,0.1282251771740742
78345,0.5520792901515961,0.0458778426451835,0.5810904623681938
78391,-0.0901327133178711,0.1600670507965304,-0.2124363418982289
78393,0.1575067639350891,0.0829036535986314,0.1372285823370047
78394,0.3357143402099609,0.0510787297220628,0.3664634888554606
78404,-0.2030211687088012,0.1256802719258179,0.1845734124167847
78410,0.3722350001335144,0.0649495585781372,0.53353163705128
78499,0.2148889303207397,0.0449258527860477,0.5217522428259003
78501,0.5263928472995758,0.1280559033649219,0.4695812352813819
78502,0.216975450515747,0.0841350064000014,0.6174135720679143
78503,0.308476448059082,0.0522665135417842,0.4997698244337765
78504,0.1359180212020874,0.0479428262780779,0.5592917819766567
78507,0.1153033971786499,0.094286461605176,0.0522546238916385
78512,-0.5558488368988037,0.0672360736728526,-0.0758896825516048
78513,-1.5497033596038818,0.0275759987815213,-0.1920874684391744
78515,0.0203115344047546,0.0352027853299832,-0.0278905475091455
78519,-6.3583574295043945,0.0566340167202652,-0.720050195820864
78529,-8.590839385986328,0.0388429207142663,-2.2688845482478057
78590,0.0088395476341247,0.045901656037971,0.4157591537103771
78611,0.4484577775001526,0.0459957638098997,0.6159512562292633
78614,-0.8977898359298706,0.153776219911873,0.0292514488474129
78620,0.0119389295578002,0.111891870978079,-1.1423738830408423
78623,-5.672647476196289,0.0235038763639327,-0.1311370797758153
78801,-0.4266984462738037,0.0282716950390598,0.1139046489804851
79006,0.2310519218444824,0.3534418735182963,0.4926086648454519
79011,-0.5787612199783325,0.4105930001202428,0.3374663527375665
79051,0.3217503428459167,0.3668313023474724,0.2783559585424331
79244,-1.899497509002685,0.3407349465915057,-0.0392644490662896
79261,0.2827452421188354,0.530651175771065,0.2874842039695302
79324,-0.3704230785369873,0.1224618849345035,0.2246443203668165
79335,-1.4644007682800293,0.1157437438100618,0.1010795637072243
80113,0.0846031904220581,0.689920542537183,-0.0552200647831295
80118,0.0840122699737548,0.2279154484607027,0.3339275019692163
8013,-0.8879450559616089,0.0843026456943555,-0.1849977898153032
80148,0.1197338104248046,0.4615967933193419,0.1948547556705657
80157,0.0956136584281921,0.1376435067408551,0.5473452366745086
80160,-5.730013847351074,0.1404914751860507,-0.244926413374908
80165,-1.6284973621368408,0.1417145048449877,-0.5282533858457255
80172,-0.0215270519256591,0.0890387932278881,0.450924864112654
80174,-2.82058334350586,0.2547483418347991,-0.5039599565420769
80196,0.1302810907363891,0.0880835112007069,0.5489003405633348
80197,0.5742241442203522,0.0713526233392493,0.7182859095868959
80198,0.5624558627605438,0.0537190257831526,0.7815831866481988
80204,0.6710381507873535,0.0428018430446881,0.8217657955775675
80220,-1.016506910324097,0.1103729294877564,0.0920595984010027
80222,-0.6805336475372314,0.1082045780525007,0.3124576671230463
80224,-2.311854362487793,0.1834304671913342,-0.2858152888522083
80230,0.6286177635192871,0.0641838430636977,0.7137192258737983
80236,-2.0691685676574707,0.161421113313084,-0.0591390227767185
80405,0.3037065863609314,0.1427943993143127,0.4103435846721689
80424,0.0206692814826965,0.1190039523043372,0.528611450292457
80442,-0.4921085834503174,0.0951622842338037,0.2415869268369443
8059,-0.1879235506057739,0.0458529581831515,0.1577550289878087
80592,-0.0050996541976928,0.4036142234320526,0.1179394698097999
8084,-1.58931565284729,0.0591192601086231,0.4171233208433142
8091,0.6842065751552582,0.0527301384848878,0.819166387819271
8095,0.4076016545295715,0.5467818589593832,0.4652638950868761
8097,0.7137507200241089,0.267309485580148,0.7906473737093175
8120,0.487883985042572,0.562187293340487,0.2520888874017324
8139,-0.7359905242919922,0.1318165941529567,-0.4452737986915109
8150,0.0961589813232421,0.2138828289286828,0.3802417501152535
8161,0.8075329065322876,0.5327117668083973,0.7644159837817573
8162,0.901549145579338,0.3763089184871758,0.8430975988996476
8172,0.8532761782407761,0.5099863327289395,0.7559456673031949
8188,0.3072250485420227,0.0763634083195696,0.4900714145849031
82026,0.6061541140079498,3.1500710918336363,0.7170320712760285
82039,0.5335588157176971,3.722887830546084,0.460440656653156
82046,0.6006017327308655,3.586121531565844,0.5469435212499856
82060,0.7674655020236969,1.5458139190414368,0.7929570741717292
8230,0.7500172257423401,1.5321789473361642,0.7139578086769061
8233,0.6355922222137451,1.716878600448316,0.4396510694190213
8241,0.6315381526947021,2.1828495183603263,0.3518458205269162
8249,0.6013962924480438,0.2938847526950497,0.4589900108963139
8251,0.5495423078536987,0.4048211756971135,0.398017178944082
8254,0.5427286922931671,0.2236151375927998,0.5436524184149185
8256,0.8097195625305176,0.1601203610751818,0.5995007243925895
8281,0.8662415444850922,0.1637966749959152,0.7231242724611096
8288,0.9194326996803284,0.1954743477670082,0.7699802272742098
8289,0.7030557096004486,0.1271613321050449,0.4382977682379539
8290,0.8715107142925262,0.1011877942172291,0.6134282690662464
8291,0.8533388078212738,0.2691510739671957,0.7201674567900263
8296,0.5882411897182465,0.2909588982511373,0.7438864247543191
8306,0.8238933682441711,0.80339824763129,0.7369479114837216
83061,0.4538106918334961,0.1015282169580564,0.3599984916545309
83063,-0.1235753297805786,0.0793983578199688,0.2454433997198871
8313,0.5736107230186462,0.3964840367508371,0.5314202006217157
83174,0.5950220823287964,0.1988619245418341,0.6928292525639143
8321,0.0129339098930358,0.560822183343241,-0.1180191663973317
83260,-9.46454906463623,0.1000053072802521,-2.4304135133404863
83262,0.1904240846633911,3.83188068121304,0.2473470664294526
83266,0.4513393044471741,1.290496952826277,0.7174639846617727
83288,0.5085691213607788,0.2178567290860519,0.6616444862101365
83314,0.5809871852397919,0.339620187822886,0.6255573885321397
83318,0.9120195731520652,0.7907321374849358,0.9097737517347904
8334,0.4739459156990051,0.6089950257178046,0.5856233538940399
83340,0.6815997362136841,2.7007486117958908,0.6758608808162512
83348,0.6320923566818237,0.9270606556093968,0.6767225073283047
83350,0.6938302516937256,0.6606109678281306,0.8350126058943349
83369,0.3107357025146484,0.8519887644761218,0.2660692953679434
83372,0.381946861743927,1.2077116298625064,0.7056439987988331
8339,0.809530958533287,0.6021208958199837,0.7966621535836025
83459,0.3910165429115295,1.122615831001912,0.4230024681326786
8347,0.3292118906974792,0.3431889333380684,0.3895217834153556
8356,0.5363921523094177,0.3658268249225321,0.5208405603994666
8359,0.6268735527992249,0.4680165433598612,0.463287071630708
8361,0.6182236075401306,0.151579965735382,0.4345898095448951
8364,0.8565984815359116,0.7978362848880579,0.6841136978759899
8374,0.872747078537941,0.2534488078556857,0.7147947890597558
8375,0.763415977358818,0.1573860177314701,0.7119162304126074
8376,-0.4167975187301636,0.0416246551013059,-0.0927202543313816
8379,0.560884565114975,0.8103303918948572,0.6762228158975097
8384,0.5929399728775024,0.3520173732868746,0.4964426656916723
84008,-0.1395787000656128,0.0489883203035598,0.0278484365979556
84011,0.0819522142410278,0.0289007839386354,0.0954990666606009
84019,-0.1526411771774292,0.1531982543458971,0.1899459839704805
84026,-0.2372963428497314,0.1114838038699217,0.460366087062301
84029,0.1962183117866516,0.0452905047611313,0.3863757634522791
8403,0.6639260947704315,0.3102668123139434,0.7762578007451489
84031,-1.7781939506530762,0.0857262996386919,0.2297684782413822
84037,-5.327142715454102,0.0549942126466865,-0.3824382038012632
84078,0.0207356214523315,0.0268482664594095,0.1514610026314721
8410,0.7958229929208755,0.4562436841501443,0.8655917145520347
84108,0.6486059129238129,1.020732011762206,0.5517751585295263
8411,0.7831801176071167,0.828648779428465,0.6404519904681854
84129,-7.477633476257324,0.1881077077433502,-0.7256201563341902
84157,0.2636314034461975,5.587964523770789,0.2520417728020619
84179,-0.8441334962844849,1.2546692900327876,0.2427638667204535
84185,-1.8191866874694824,1.3236993091592688,-0.3986038481715195
84192,0.7638305872678757,0.2149796922790473,0.822199754440475
84200,0.8692356795072556,0.2364253955256495,0.7533023468088653
84213,0.9086644649505616,0.6806081477969727,0.7846089792884782
84215,0.8173896968364716,0.4859179870024038,0.6416296121879677
84233,0.9297367632389067,0.4091457088810903,0.9607949291370343
84243,0.9252302199602128,0.7592108105520899,0.9209929256077656
84245,0.2934176921844482,0.7037036633863307,0.4503526993388967
84295,-4.047251224517822,0.3111802844980649,0.2527180063541477
84302,0.8673702925443649,0.3506129156161956,0.90130815299082
84312,0.6275816857814789,0.7902479048969382,0.8095307900775266
84315,0.5661900639533997,1.388874623967136,0.5585957250009804
84342,0.6133169233798981,0.8790954725236355,0.5348277805559276
84346,0.4751390814781189,1.442299914705874,0.3555261395583027
84347,0.7473539412021637,0.748340001455333,0.837510915466935
84354,0.0606011748313903,0.7138080702907177,-0.115199519326842
84398,0.4983527660369873,0.522099735502663,0.6410881082841866
84400,-1.438502073287964,0.3486893551919517,0.0890183414410913
84447,0.325960099697113,1.6089257659573135,0.5620558107348138
84448,0.6677182912826538,1.1909279785736566,0.5191607821487743
84449,0.6140550076961517,2.384672645799526,0.4914824713707525
84803,0.2624450325965881,0.2749516119434356,0.3037820938505347
8582,0.3046060800552368,0.6009295217348439,0.3866292388727939
9022,0.1173912286758422,0.19861071490887,0.627785187576875
9053,0.4687893390655517,0.0806612265968126,0.6044703509086523
9079,0.6748709380626678,0.0620527375843116,0.8093832943785522
9092,0.7795696258544922,0.1377753708143786,0.6385065718734788
9164,0.8539982885122299,0.9393911043818384,0.917138200106308
9166,0.8377221375703812,0.4161155115124644,0.7306208460910402
9169,0.6820914447307587,1.1011880549351452,0.7514335062657524
9189,0.5744569301605225,0.6770892411976831,0.4732445927065937
9191,0.7932255566120148,0.7742126125858448,0.7310103906557494
9199,0.8193919658660889,0.9288117587681656,0.8676938371880616
9207,0.8201394081115723,0.7312325956441597,0.9033130135598718
9213,0.8068598806858063,0.5077076436871507,0.805947136785711
9215,0.7866383194923401,0.7855932054178238,0.6712199280751333
9216,0.8374552428722382,0.4574654301887015,0.8271078878882042
9217,0.7978811860084534,0.5436048829248136,0.7093352002787672
9226,0.8168387413024902,0.689989977812198,0.8617460141079596
9253,0.8697016835212708,0.8634465952507061,0.7328112427811504
9256,0.8691398352384567,1.009523285168814,0.8106141459433697
9264,0.9157387539744376,0.7156282299918365,0.8640815784853204
9279,0.8342189341783524,1.0527991450100471,0.7256542599136093
9282,0.7505420297384262,1.1331549817351665,0.5943621449570209
9283,0.763655886054039,1.3827645676058775,0.6923704622271553
9285,0.6826032102108002,1.0623346648884682,0.6723536759328925
9286,0.4862754940986633,0.581374290467516,0.2742475360327714
9290,0.782745361328125,0.8327345405433147,0.7711832558933274
9294,0.5469404757022858,0.6728062496789742,0.3995175628949095
9298,0.6553235948085785,0.0319292831865486,0.663814588037461
9304,0.2291038036346435,0.1929992539701471,0.311907272656035
9309,0.4676173329353332,0.9643080301326448,0.3285289694136608
9323,0.4932224154472351,0.3686621254134821,0.4152705191407537
9324,0.4906306862831116,0.7577644018266427,0.322400833718708
9326,0.5811370015144348,0.3057937956133501,0.5015193076546606
9329,0.4044070839881897,0.2194246888741222,0.5364091815996137
9331,0.6310436129570007,0.2981759977806798,0.8057640393550942
9333,0.8800076320767403,0.4405278436940797,0.8897459007395758
9335,0.7825494259595871,0.4609382758699773,0.6352380494387113
9337,0.5913261771202087,0.6589069395579583,0.4769289398396525
9341,0.6782514452934265,0.4218585752892665,0.6601987845618018
9342,0.5713191032409668,0.729495333214122,0.4474699410213001
9343,0.5300900042057037,0.7418632602164487,0.6445138426610459
9344,0.4106655120849609,0.1185829564096874,0.3093749014873522
9345,0.2427575588226318,0.3123501179796426,0.1611237989457556
9355,0.162377655506134,0.3121357105779301,0.1724950916048372
9356,-0.3814027309417724,0.1603513552702704,-0.1015027707935334
9370,0.8938886076211929,0.1995714282192985,0.8355775426403955
9372,0.797776535153389,0.4990175698489655,0.578630434049117
9380,0.9165042787790298,0.2853425083904181,0.9014557671761227
9383,0.7725652158260345,0.7002274254493719,0.7348093597543733
9385,0.8016553819179535,0.7041868245514407,0.8782559610139871
9397,0.8295258730649948,0.8104359010769041,0.7806562378287336
9403,0.7708509266376495,0.3089758764513655,0.7738595965076467
9404,0.7976710945367813,0.274037207585785,0.7144805769469129
9415,0.9603491947054864,0.2525632553136491,0.9615888295420127
9417,0.8419153392314911,0.2457928331535191,0.7488824723701999
9511,0.2349724769592285,0.8412874454933175,0.1388839365508788
9520,0.4509537816047668,0.3652843502349444,0.4375815813450661
9546,0.1473170518875122,1.7095031299724193,0.5236689036525277
9547,0.6072795987129211,0.143811482777784,0.5673520718593001
9560,0.8658091574907303,0.4359116160320708,0.7591838481075264
9563,0.288494348526001,0.1332757038939196,0.3712885694949392
9568,0.8884230852127075,0.3252548873447672,0.8038174242096734
