gauge_id,NSE,day,encoder,decoder
10620,0.6531795222235777,1,q_mm_day,prcp_e5l
4197,-22617.03749747336,365,q_mm_day,prcp_e5l
8306,-42.88233223710918,1,q_mm_day,prcp_e5l
78614,0.7497676264848976,2,q_mm_day,prcp_e5l
5287,0.8172639939079002,365,q_mm_day,prcp_e5l
2198,0.8330705824705285,1,q_mm_day,prcp_e5l
10566,0.8370897560453574,36,q_mm_day,prcp_e5l
77112,0.5697281769689957,1,q_mm_day,prcp_e5l
76646,0.624185410503808,1,q_mm_day,prcp_e5l
78275,0.841321609401421,1,q_mm_day,prcp_e5l
75033,0.5861634526853455,1,q_mm_day,prcp_e5l
71199,-1203.2419094868933,360,q_mm_day,prcp_e5l
75236,0.5868005297487905,365,q_mm_day,prcp_e5l
11637,0.9137528207305049,365,q_mm_day,prcp_e5l
76489,0.5432477632815276,365,q_mm_day,prcp_e5l
70175,0.5922257346576552,1,q_mm_day,prcp_e5l
8379,0.7329581867621272,1,q_mm_day,prcp_e5l
70242,0.6830436935985091,1,q_mm_day,prcp_e5l
82060,-190.7707329016187,1,q_mm_day,prcp_e5l
7029,0.5596519483588243,1,q_mm_day,prcp_e5l
78004,0.8563450257062272,1,q_mm_day,prcp_e5l
76324,0.49947896546557713,362,q_mm_day,prcp_e5l
12115,0.8505531115319305,365,q_mm_day,prcp_e5l
2128,0.8037334316020153,365,q_mm_day,prcp_e5l
7022,-13917.712613912909,365,q_mm_day,prcp_e5l
75520,0.8290621491327566,1,q_mm_day,prcp_e5l
72623,0.7246494681073721,365,q_mm_day,prcp_e5l
72007,0.7537718090738125,365,q_mm_day,prcp_e5l
76317,0.7339877231998533,1,q_mm_day,prcp_e5l
2164,0.7713732324339981,363,q_mm_day,prcp_e5l
10202,0.7344214312113423,1,q_mm_day,prcp_e5l
4105,0.6477396425674584,1,q_mm_day,prcp_e5l
4226,0.7040057655427485,2,q_mm_day,prcp_e5l
78499,0.860252448060083,2,q_mm_day,prcp_e5l
76470,-125.23015742291007,363,q_mm_day,prcp_e5l
9370,0.7100234559890598,1,q_mm_day,prcp_e5l
5055,0.710657371991642,363,q_mm_day,prcp_e5l
77156,0.6576380453303127,1,q_mm_day,prcp_e5l
76466,0.6675204493123913,364,q_mm_day,prcp_e5l
7039,0.8600239270318216,5,q_mm_day,prcp_e5l
78512,0.8865940274720743,365,q_mm_day,prcp_e5l
2026,-731.00796467847,1,q_mm_day,prcp_e5l
70617,0.6120039237760272,1,q_mm_day,prcp_e5l
7174,0.5762600175255748,365,q_mm_day,prcp_e5l
3068,0.8269612932887651,365,q_mm_day,prcp_e5l
84447,-2469.624369283221,1,q_mm_day,prcp_e5l
8230,-49.90415117299603,344,q_mm_day,prcp_e5l
19153,0.6505009182525507,1,q_mm_day,prcp_e5l
8162,0.6268500094458972,365,q_mm_day,prcp_e5l
84019,0.26854956206052627,1,q_mm_day,prcp_e5l
77217,0.5333181831970573,2,q_mm_day,prcp_e5l
72588,0.7973837636310694,1,q_mm_day,prcp_e5l
83348,-148.21224725142915,1,q_mm_day,prcp_e5l
11379,0.8342723045138656,1,q_mm_day,prcp_e5l
10120,0.8112693464344691,364,q_mm_day,prcp_e5l
77298,0.7365131550840536,1,q_mm_day,prcp_e5l
78055,0.8525947627904995,1,q_mm_day,prcp_e5l
72113,0.7748532671531763,3,q_mm_day,prcp_e5l
5555,0.7534327705067542,363,q_mm_day,prcp_e5l
7202,0.8448767338149729,365,q_mm_day,prcp_e5l
72043,0.7693569329913222,1,q_mm_day,prcp_e5l
75674,0.8431563569285063,365,q_mm_day,prcp_e5l
12651,0.747292749919458,359,q_mm_day,prcp_e5l
12383,0.8745428408334617,5,q_mm_day,prcp_e5l
70331,0.6383859825221181,362,q_mm_day,prcp_e5l
49110,-37323.682658473226,1,q_mm_day,prcp_e5l
75271,0.4288230663156254,365,q_mm_day,prcp_e5l
79335,0.8465943111272528,1,q_mm_day,prcp_e5l
49149,-74968.877278597,362,q_mm_day,prcp_e5l
10583,0.6801539662963212,1,q_mm_day,prcp_e5l
78205,0.6852691985297266,2,q_mm_day,prcp_e5l
80424,0.8075548589752369,1,q_mm_day,prcp_e5l
11368,0.7844998389224985,1,q_mm_day,prcp_e5l
1596,0.8152468553374579,1,q_mm_day,prcp_e5l
9191,0.7004714832412156,365,q_mm_day,prcp_e5l
2126,-562.9670228743239,365,q_mm_day,prcp_e5l
75235,0.8046888989435391,1,q_mm_day,prcp_e5l
11334,0.8746657343139557,1,q_mm_day,prcp_e5l
75367,0.7379577132302955,1,q_mm_day,prcp_e5l
49047,-28530.897703045957,362,q_mm_day,prcp_e5l
2115,-440.10483986098865,2,q_mm_day,prcp_e5l
2193,0.8994726560326652,1,q_mm_day,prcp_e5l
8359,0.7250874862553182,2,q_mm_day,prcp_e5l
9282,-879.901948308458,365,q_mm_day,prcp_e5l
7012,0.758263631848823,1,q_mm_day,prcp_e5l
80230,0.7974936309185156,1,q_mm_day,prcp_e5l
10549,-1287289.4212380028,5,q_mm_day,prcp_e5l
76653,0.758722625940298,364,q_mm_day,prcp_e5l
78196,0.8677364032478744,1,q_mm_day,prcp_e5l
10266,0.8199535404080137,2,q_mm_day,prcp_e5l
9207,0.8133074967249952,9,q_mm_day,prcp_e5l
7099,0.8475493777322496,365,q_mm_day,prcp_e5l
6506,0.7761349008420251,1,q_mm_day,prcp_e5l
6089,0.7608864896608255,363,q_mm_day,prcp_e5l
7152,0.878876112430629,1,q_mm_day,prcp_e5l
9547,0.7685822649090678,1,q_mm_day,prcp_e5l
8288,0.6493945609536191,361,q_mm_day,prcp_e5l
2010,0.8462465212877565,1,q_mm_day,prcp_e5l
76673,0.7110646075119516,363,q_mm_day,prcp_e5l
6407,0.531399739605445,1,q_mm_day,prcp_e5l
71277,0.6137701856451705,364,q_mm_day,prcp_e5l
70583,0.7120212432380736,365,q_mm_day,prcp_e5l
11370,0.8652415215379963,365,q_mm_day,prcp_e5l
49128,0.7380582207693012,357,q_mm_day,prcp_e5l
11487,0.6429822378311045,362,q_mm_day,prcp_e5l
75297,0.8385267059756146,1,q_mm_day,prcp_e5l
10701,0.7240420618441856,1,q_mm_day,prcp_e5l
9216,0.8420659757409442,1,q_mm_day,prcp_e5l
5453,-5010.852290192283,1,q_mm_day,prcp_e5l
76099,0.7937821315782629,364,q_mm_day,prcp_e5l
83350,0.756992438870558,1,q_mm_day,prcp_e5l
12305,0.8269746682927279,365,q_mm_day,prcp_e5l
5250,-226.39175619594428,37,q_mm_day,prcp_e5l
7020,-4006.875860351447,365,q_mm_day,prcp_e5l
3003,0.8706902830835431,365,q_mm_day,prcp_e5l
77250,0.8915876038460316,1,q_mm_day,prcp_e5l
2106,0.8087642651763747,1,q_mm_day,prcp_e5l
6424,0.7254639118520501,365,q_mm_day,prcp_e5l
3073,0.552983215644844,363,q_mm_day,prcp_e5l
5736,0.7584835920619151,364,q_mm_day,prcp_e5l
77397,0.46538264513383143,337,q_mm_day,prcp_e5l
76417,0.7989897640334871,362,q_mm_day,prcp_e5l
5311,-9341.74708643224,364,q_mm_day,prcp_e5l
5292,0.6932145920875795,1,q_mm_day,prcp_e5l
75780,0.6651242313273632,1,q_mm_day,prcp_e5l
70589,0.561724165278985,1,q_mm_day,prcp_e5l
70566,0.7576429103352389,364,q_mm_day,prcp_e5l
6345,0.39527475939135603,364,q_mm_day,prcp_e5l
77146,0.7537272621146192,1,q_mm_day,prcp_e5l
10198,0.6782696636772785,1,q_mm_day,prcp_e5l
9345,0.6763228590483739,365,q_mm_day,prcp_e5l
80405,0.8167012504136627,3,q_mm_day,prcp_e5l
3234,0.5793044780762258,1,q_mm_day,prcp_e5l
8410,0.7389146235725101,1,q_mm_day,prcp_e5l
6443,0.6629950776944069,365,q_mm_day,prcp_e5l
7076,-10983.024507738168,365,q_mm_day,prcp_e5l
77329,0.8618070341759265,1,q_mm_day,prcp_e5l
10394,0.8418636102840495,1,q_mm_day,prcp_e5l
10416,0.7707717667196736,1,q_mm_day,prcp_e5l
10240,0.8152870491361944,362,q_mm_day,prcp_e5l
75491,0.8700841288372537,1,q_mm_day,prcp_e5l
76159,0.8063762933026923,364,q_mm_day,prcp_e5l
10221,0.6591235401249327,2,q_mm_day,prcp_e5l
4027,0.8211105320316155,1,q_mm_day,prcp_e5l
83260,0.76245131870981,1,q_mm_day,prcp_e5l
77336,0.7367584374946979,1,q_mm_day,prcp_e5l
8254,0.7541567223539108,362,q_mm_day,prcp_e5l
5072,0.6762696979705816,364,q_mm_day,prcp_e5l
72481,0.5613029205717472,365,q_mm_day,prcp_e5l
6411,0.7389643705896757,364,q_mm_day,prcp_e5l
70522,0.6534414687949759,319,q_mm_day,prcp_e5l
8095,-337.9110830002571,1,q_mm_day,prcp_e5l
75290,0.7275704013341951,2,q_mm_day,prcp_e5l
76661,0.7919199985880034,359,q_mm_day,prcp_e5l
83174,-659.3851349812758,1,q_mm_day,prcp_e5l
10075,0.8414724749914543,1,q_mm_day,prcp_e5l
7172,0.5399057424165267,361,q_mm_day,prcp_e5l
84078,-825.9024887599571,1,q_mm_day,prcp_e5l
72566,0.7584516455146051,1,q_mm_day,prcp_e5l
84213,-2807.457783039581,1,q_mm_day,prcp_e5l
78225,0.6158525599631701,1,q_mm_day,prcp_e5l
48011,0.7366341864780757,1,q_mm_day,prcp_e5l
70597,0.6997278059964289,364,q_mm_day,prcp_e5l
10058,0.7279198815901828,364,q_mm_day,prcp_e5l
10554,0.5880333844785033,361,q_mm_day,prcp_e5l
75254,0.8051251414399763,1,q_mm_day,prcp_e5l
83063,0.8842605315012196,2,q_mm_day,prcp_e5l
5074,0.6906374540993637,1,q_mm_day,prcp_e5l
3074,0.6797377218237155,1,q_mm_day,prcp_e5l
72577,0.7970066345826876,365,q_mm_day,prcp_e5l
9329,0.8530734167615162,1,q_mm_day,prcp_e5l
75631,0.7442150554822239,1,q_mm_day,prcp_e5l
48090,-1173.023776092547,1,q_mm_day,prcp_e5l
83369,0.5763972313044206,1,q_mm_day,prcp_e5l
19154,0.6205410443350929,1,q_mm_day,prcp_e5l
75463,0.687693237972226,1,q_mm_day,prcp_e5l
78393,0.8767176676052446,1,q_mm_day,prcp_e5l
8374,0.8412365907111998,1,q_mm_day,prcp_e5l
76165,0.7077640193454026,364,q_mm_day,prcp_e5l
4240,0.7411309225680718,1,q_mm_day,prcp_e5l
3083,-152.36875205893972,363,q_mm_day,prcp_e5l
5507,0.7135236121665264,317,q_mm_day,prcp_e5l
9166,0.824323842916514,365,q_mm_day,prcp_e5l
8347,0.6871109792376437,1,q_mm_day,prcp_e5l
76275,0.7042985875543311,363,q_mm_day,prcp_e5l
76499,0.8513037238687272,1,q_mm_day,prcp_e5l
8188,0.8611678310832805,365,q_mm_day,prcp_e5l
19383,0.5606674235893413,1,q_mm_day,prcp_e5l
83340,0.8304747168952201,1,q_mm_day,prcp_e5l
72162,0.7514069067678388,1,q_mm_day,prcp_e5l
5254,-185.05811229319664,36,q_mm_day,prcp_e5l
5580,0.57026007351087,364,q_mm_day,prcp_e5l
10475,0.8047896916452815,39,q_mm_day,prcp_e5l
10453,-65341.51431001746,365,q_mm_day,prcp_e5l
76325,0.6650848793269295,354,q_mm_day,prcp_e5l
77407,0.8125216621802044,365,q_mm_day,prcp_e5l
10110,0.745093984142758,1,q_mm_day,prcp_e5l
49054,-5308.17017499655,361,q_mm_day,prcp_e5l
75615,0.46647127613444817,1,q_mm_day,prcp_e5l
78144,0.8790450008544751,1,q_mm_day,prcp_e5l
4102,0.5709184799089835,1,q_mm_day,prcp_e5l
6076,0.7955894252280787,364,q_mm_day,prcp_e5l
8120,0.3668772826571687,1,q_mm_day,prcp_e5l
78345,0.8824473812771826,1,q_mm_day,prcp_e5l
75427,0.6266556879053113,1,q_mm_day,prcp_e5l
11639,0.8246117521380495,362,q_mm_day,prcp_e5l
4116,0.6438938002120801,1,q_mm_day,prcp_e5l
5148,0.45385904290530155,1,q_mm_day,prcp_e5l
19135,-5.289551502935889,1,q_mm_day,prcp_e5l
77246,0.8727991898280207,1,q_mm_day,prcp_e5l
80197,0.8463825270858881,1,q_mm_day,prcp_e5l
10223,0.6354163575506152,2,q_mm_day,prcp_e5l
84342,-82.14634367351384,1,q_mm_day,prcp_e5l
9417,0.7139024696348746,358,q_mm_day,prcp_e5l
4160,0.6669486717779189,1,q_mm_day,prcp_e5l
71104,0.48020151149879164,363,q_mm_day,prcp_e5l
10292,0.7288631761801769,1,q_mm_day,prcp_e5l
76176,0.7322119879213395,365,q_mm_day,prcp_e5l
70246,0.6763340593065972,1,q_mm_day,prcp_e5l
5597,0.35900830114078797,1,q_mm_day,prcp_e5l
9372,0.8377466862340864,362,q_mm_day,prcp_e5l
9563,0.8427725034760792,1,q_mm_day,prcp_e5l
9546,0.7035586843614764,364,q_mm_day,prcp_e5l
10571,-1168.65205226415,365,q_mm_day,prcp_e5l
76461,0.7254958936200644,365,q_mm_day,prcp_e5l
9217,-211.86168504130129,2,q_mm_day,prcp_e5l
76130,0.7324126915463838,364,q_mm_day,prcp_e5l
72761,0.6476836745215493,365,q_mm_day,prcp_e5l
5211,0.8305711556824287,2,q_mm_day,prcp_e5l
83314,0.8954503721166893,1,q_mm_day,prcp_e5l
82046,0.4016924634399369,1,q_mm_day,prcp_e5l
11335,0.8549960832313638,344,q_mm_day,prcp_e5l
10539,0.5697423764704881,362,q_mm_day,prcp_e5l
76533,0.7881093204814072,1,q_mm_day,prcp_e5l
49052,0.7599013039035549,364,q_mm_day,prcp_e5l
78141,0.8652971484624874,1,q_mm_day,prcp_e5l
7060,0.6831225291101491,1,q_mm_day,prcp_e5l
8281,0.793207581806173,1,q_mm_day,prcp_e5l
75664,0.5230505128042195,1,q_mm_day,prcp_e5l
3156,0.7960146975467626,1,q_mm_day,prcp_e5l
11675,0.7419969729376747,185,q_mm_day,prcp_e5l
10133,-5832.688906030456,1,q_mm_day,prcp_e5l
70129,0.4480574569851328,365,q_mm_day,prcp_e5l
76500,0.8970062819490722,1,q_mm_day,prcp_e5l
7130,-407.59740118607056,365,q_mm_day,prcp_e5l
1534,0.8093172714121126,31,q_mm_day,prcp_e5l
76701,0.7609456166068427,362,q_mm_day,prcp_e5l
72661,0.756250576118503,2,q_mm_day,prcp_e5l
10073,-365.8961477491053,2,q_mm_day,prcp_e5l
70382,0.7487300852726,362,q_mm_day,prcp_e5l
70212,0.7436216822822175,2,q_mm_day,prcp_e5l
78092,0.8218954223495474,1,q_mm_day,prcp_e5l
7066,-99.84985761444153,1,q_mm_day,prcp_e5l
72198,0.7907168643676983,1,q_mm_day,prcp_e5l
2027,0.7345212191517643,365,q_mm_day,prcp_e5l
77362,0.16080119709552798,1,q_mm_day,prcp_e5l
78504,0.7970617507761162,1,q_mm_day,prcp_e5l
10059,0.4900766134671114,1,q_mm_day,prcp_e5l
72518,0.7104660940440626,1,q_mm_day,prcp_e5l
19167,0.5823726468863932,361,q_mm_day,prcp_e5l
19159,0.8272908782404363,359,q_mm_day,prcp_e5l
11620,0.9306232308186784,21,q_mm_day,prcp_e5l
8375,0.736548436290603,364,q_mm_day,prcp_e5l
19049,0.723300599008667,1,q_mm_day,prcp_e5l
11357,0.8834794090063248,1,q_mm_day,prcp_e5l
72098,-1462.4503985433607,1,q_mm_day,prcp_e5l
78623,0.8651199690899724,1,q_mm_day,prcp_e5l
84448,-88474.68940258259,365,q_mm_day,prcp_e5l
70118,0.5856886946819466,365,q_mm_day,prcp_e5l
72654,-249.41850570696707,24,q_mm_day,prcp_e5l
19039,0.7706330360970748,365,q_mm_day,prcp_e5l
78252,0.7425146894111212,1,q_mm_day,prcp_e5l
10387,0.7982175292318193,210,q_mm_day,prcp_e5l
4235,0.6229172718648257,1,q_mm_day,prcp_e5l
10385,0.7318906511584926,365,q_mm_day,prcp_e5l
70614,0.7013351675150203,1,q_mm_day,prcp_e5l
3087,0.8270366170558612,364,q_mm_day,prcp_e5l
7148,-567.2507089575914,365,q_mm_day,prcp_e5l
70444,0.7329493544106693,364,q_mm_day,prcp_e5l
4173,0.7539154029526987,357,q_mm_day,prcp_e5l
75676,0.8396688604393284,331,q_mm_day,prcp_e5l
72744,0.7743180327939975,363,q_mm_day,prcp_e5l
19128,0.5331258109042549,1,q_mm_day,prcp_e5l
4090,0.6447522484567592,364,q_mm_day,prcp_e5l
78404,-10936.884184493709,365,q_mm_day,prcp_e5l
12315,0.8581258104561689,361,q_mm_day,prcp_e5l
11676,0.8803036025196302,1,q_mm_day,prcp_e5l
4005,0.6411465080142098,359,q_mm_day,prcp_e5l
3603,0.8310054871134862,1,q_mm_day,prcp_e5l
9169,0.7621035750793327,363,q_mm_day,prcp_e5l
10308,0.8501494436277358,365,q_mm_day,prcp_e5l
78502,0.8158658713824677,1,q_mm_day,prcp_e5l
72592,0.8010692348505953,1,q_mm_day,prcp_e5l
75687,0.7972922476445643,364,q_mm_day,prcp_e5l
72696,0.788743108411868,2,q_mm_day,prcp_e5l
3076,0.7360681955931367,13,q_mm_day,prcp_e5l
70410,0.7574638032896843,363,q_mm_day,prcp_e5l
75658,0.679959270691278,1,q_mm_day,prcp_e5l
77370,0.8571970339247288,1,q_mm_day,prcp_e5l
9215,0.8727209394179308,365,q_mm_day,prcp_e5l
80236,0.9008628867864883,4,q_mm_day,prcp_e5l
77245,0.8409660524495056,1,q_mm_day,prcp_e5l
75387,0.3192549008666421,1,q_mm_day,prcp_e5l
75608,0.7243431894427828,1,q_mm_day,prcp_e5l
7203,-2201.5327064400353,1,q_mm_day,prcp_e5l
71268,0.6835771753192423,363,q_mm_day,prcp_e5l
75648,0.5111030143990647,2,q_mm_day,prcp_e5l
78111,0.8883007263839161,1,q_mm_day,prcp_e5l
80172,0.8224290729688741,1,q_mm_day,prcp_e5l
5583,0.6606138717086918,1,q_mm_day,prcp_e5l
78501,0.7537207962055062,1,q_mm_day,prcp_e5l
4085,0.6925349927718002,1,q_mm_day,prcp_e5l
10460,0.824105508083735,361,q_mm_day,prcp_e5l
11622,-35796.253798341386,365,q_mm_day,prcp_e5l
9264,-551.1857149121652,364,q_mm_day,prcp_e5l
7168,0.5369933073492024,364,q_mm_day,prcp_e5l
49114,0.695159898153223,362,q_mm_day,prcp_e5l
5607,0.48050945565481284,1,q_mm_day,prcp_e5l
71186,0.5221623313146873,363,q_mm_day,prcp_e5l
75273,0.7145364225698276,1,q_mm_day,prcp_e5l
4175,0.7876773970058233,1,q_mm_day,prcp_e5l
5085,0.8183366323870318,1,q_mm_day,prcp_e5l
3085,-479.94693528617006,363,q_mm_day,prcp_e5l
75428,0.35098183108384073,364,q_mm_day,prcp_e5l
75203,0.7205174880574359,1,q_mm_day,prcp_e5l
10423,0.7890498303414836,1,q_mm_day,prcp_e5l
10584,0.6482119858208375,1,q_mm_day,prcp_e5l
10392,0.7221447165808029,1,q_mm_day,prcp_e5l
76454,0.7788724569865222,364,q_mm_day,prcp_e5l
12511,0.8280924783462336,363,q_mm_day,prcp_e5l
10048,-109.53534462255017,1,q_mm_day,prcp_e5l
75259,0.6614369061061666,1,q_mm_day,prcp_e5l
11628,0.7381943414277359,1,q_mm_day,prcp_e5l
1566,0.792676452941589,362,q_mm_day,prcp_e5l
83459,0.47056683985589987,1,q_mm_day,prcp_e5l
76089,0.75997961679164,364,q_mm_day,prcp_e5l
84192,-513.7310062765887,365,q_mm_day,prcp_e5l
4179,0.7834942090256136,2,q_mm_day,prcp_e5l
70217,0.5928442357968453,1,q_mm_day,prcp_e5l
9520,0.73530282778229,1,q_mm_day,prcp_e5l
84354,0.17216870816283703,1,q_mm_day,prcp_e5l
9342,-1090.9629649801516,1,q_mm_day,prcp_e5l
11351,-359.88473339958443,1,q_mm_day,prcp_e5l
74425,0.7401069309382293,2,q_mm_day,prcp_e5l
72281,0.7016004031618674,365,q_mm_day,prcp_e5l
4095,0.6680910762845425,1,q_mm_day,prcp_e5l
76363,0.6941254044826388,364,q_mm_day,prcp_e5l
75121,0.6741584616256354,364,q_mm_day,prcp_e5l
9290,0.7527871452982979,364,q_mm_day,prcp_e5l
49058,-3636.4751855131053,1,q_mm_day,prcp_e5l
72008,-158073.84789903875,365,q_mm_day,prcp_e5l
80160,0.7025041668807808,1,q_mm_day,prcp_e5l
78191,0.7495559004236438,1,q_mm_day,prcp_e5l
80204,0.8190282044019083,1,q_mm_day,prcp_e5l
48071,0.8134812951924225,364,q_mm_day,prcp_e5l
8321,0.6259183918862677,364,q_mm_day,prcp_e5l
7031,0.5362469500648676,365,q_mm_day,prcp_e5l
72610,0.7778938028222216,103,q_mm_day,prcp_e5l
10042,0.897932823361822,365,q_mm_day,prcp_e5l
48056,-85564.92841353946,1,q_mm_day,prcp_e5l
3201,0.5796189678427751,1,q_mm_day,prcp_e5l
70158,0.7863122773525553,1,q_mm_day,prcp_e5l
72721,0.6848379647384771,363,q_mm_day,prcp_e5l
48006,-423.82941603819773,1,q_mm_day,prcp_e5l
78394,0.9244797556156827,1,q_mm_day,prcp_e5l
77189,0.7195658059930183,1,q_mm_day,prcp_e5l
10632,0.8604402881611801,1,q_mm_day,prcp_e5l
5277,-783.3134413193651,1,q_mm_day,prcp_e5l
76690,0.7229173939821978,365,q_mm_day,prcp_e5l
48099,0.8247878977014427,1,q_mm_day,prcp_e5l
10587,0.8361054577998324,1,q_mm_day,prcp_e5l
9383,0.5853133673870281,362,q_mm_day,prcp_e5l
11337,-289888.28923550295,365,q_mm_day,prcp_e5l
75266,0.6642000032840458,1,q_mm_day,prcp_e5l
75394,0.603933871437907,1,q_mm_day,prcp_e5l
77130,0.3646109748842975,1,q_mm_day,prcp_e5l
75518,0.8814739326097302,1,q_mm_day,prcp_e5l
10430,0.8225847609114902,1,q_mm_day,prcp_e5l
75209,-180.95743478060672,363,q_mm_day,prcp_e5l
75573,0.7807964046230764,2,q_mm_day,prcp_e5l
10194,0.7234059021192453,1,q_mm_day,prcp_e5l
10216,0.8752346980812503,2,q_mm_day,prcp_e5l
48079,-1304.0882336750767,365,q_mm_day,prcp_e5l
72144,0.7427636666898432,365,q_mm_day,prcp_e5l
8356,0.7641155930127596,364,q_mm_day,prcp_e5l
9323,0.7998411051879467,361,q_mm_day,prcp_e5l
8291,0.6049662036463648,362,q_mm_day,prcp_e5l
5135,0.7172422797622777,364,q_mm_day,prcp_e5l
6414,0.5535576463894865,364,q_mm_day,prcp_e5l
77292,0.7803787661960475,1,q_mm_day,prcp_e5l
75110,0.6420870608655149,363,q_mm_day,prcp_e5l
12430,0.7717355315864938,363,q_mm_day,prcp_e5l
74438,-78.27166539786236,365,q_mm_day,prcp_e5l
2058,-6917.962062535267,1,q_mm_day,prcp_e5l
78165,0.8675659540443543,1,q_mm_day,prcp_e5l
75453,0.2676272133618415,1,q_mm_day,prcp_e5l
77152,0.533264660428141,1,q_mm_day,prcp_e5l
5328,0.7473345468197088,1,q_mm_day,prcp_e5l
70378,0.6756948258279039,211,q_mm_day,prcp_e5l
76007,0.8337102880216729,365,q_mm_day,prcp_e5l
10177,0.716826009636176,1,q_mm_day,prcp_e5l
6349,0.4462151657685143,2,q_mm_day,prcp_e5l
70213,0.6931195406773465,345,q_mm_day,prcp_e5l
19118,0.3548924940016862,11,q_mm_day,prcp_e5l
72559,0.7508847482930945,359,q_mm_day,prcp_e5l
76423,0.6631614633778433,364,q_mm_day,prcp_e5l
70102,0.6537385146025634,365,q_mm_day,prcp_e5l
9404,0.6710471818854489,1,q_mm_day,prcp_e5l
9341,-526.9084844133145,1,q_mm_day,prcp_e5l
3159,0.7055729969733402,1,q_mm_day,prcp_e5l
84011,0.8404123731187835,365,q_mm_day,prcp_e5l
76649,0.7911846028486187,365,q_mm_day,prcp_e5l
5613,0.6227670762527504,1,q_mm_day,prcp_e5l
12202,0.7123957452465219,6,q_mm_day,prcp_e5l
9294,0.7618892593240006,364,q_mm_day,prcp_e5l
11308,0.8547666550912905,299,q_mm_day,prcp_e5l
5132,0.7270397145011762,363,q_mm_day,prcp_e5l
10713,0.6907439738750438,1,q_mm_day,prcp_e5l
77288,0.8863524241085028,1,q_mm_day,prcp_e5l
77179,0.7276254893279979,1,q_mm_day,prcp_e5l
75527,0.3868858580170492,362,q_mm_day,prcp_e5l
77409,0.8971028121312038,4,q_mm_day,prcp_e5l
78054,0.8783367528866506,1,q_mm_day,prcp_e5l
5358,-8473.078946289388,363,q_mm_day,prcp_e5l
78138,0.8513025552159614,2,q_mm_day,prcp_e5l
9343,-75.7485882471722,1,q_mm_day,prcp_e5l
8097,0.8182977405182793,2,q_mm_day,prcp_e5l
8361,0.8111769397232403,361,q_mm_day,prcp_e5l
8411,0.6463969675960568,365,q_mm_day,prcp_e5l
5758,0.7172932920041074,1,q_mm_day,prcp_e5l
49095,0.6966750095646177,362,q_mm_day,prcp_e5l
76462,0.6960926511950649,363,q_mm_day,prcp_e5l
77231,0.598354725335811,363,q_mm_day,prcp_e5l
7072,-6396.648141521802,365,q_mm_day,prcp_e5l
48110,0.6636127957203912,365,q_mm_day,prcp_e5l
75359,0.7402843875445052,1,q_mm_day,prcp_e5l
5336,0.8590204050959342,363,q_mm_day,prcp_e5l
9256,-275.3868728352562,1,q_mm_day,prcp_e5l
10220,0.8417919999072487,1,q_mm_day,prcp_e5l
10369,0.7954019294878758,330,q_mm_day,prcp_e5l
11502,0.851698779701229,64,q_mm_day,prcp_e5l
5171,0.7684514710424255,217,q_mm_day,prcp_e5l
71086,0.6014488301468839,1,q_mm_day,prcp_e5l
72096,-16438.092938441005,1,q_mm_day,prcp_e5l
19382,0.6714013810170261,360,q_mm_day,prcp_e5l
10066,-283.9289162800032,1,q_mm_day,prcp_e5l
75274,0.7564609091355514,1,q_mm_day,prcp_e5l
83266,-143.0041586451657,1,q_mm_day,prcp_e5l
10384,0.7538638871806023,365,q_mm_day,prcp_e5l
78391,0.8573490689302119,365,q_mm_day,prcp_e5l
9253,-1894.9396359687546,364,q_mm_day,prcp_e5l
76644,0.46758305482215645,2,q_mm_day,prcp_e5l
77201,0.42818422722258886,1,q_mm_day,prcp_e5l
76519,0.8428099068693553,1,q_mm_day,prcp_e5l
5461,0.7239469352048985,365,q_mm_day,prcp_e5l
70512,0.6397072125592079,1,q_mm_day,prcp_e5l
11473,0.5853932921425717,1,q_mm_day,prcp_e5l
76408,0.6902974873232287,364,q_mm_day,prcp_e5l
75208,0.8385725634186203,365,q_mm_day,prcp_e5l
84346,-759.8784597162705,1,q_mm_day,prcp_e5l
3001,0.8506480695092986,365,q_mm_day,prcp_e5l
7015,-1435.5470349405805,1,q_mm_day,prcp_e5l
8251,0.67791444223011,363,q_mm_day,prcp_e5l
5347,-629.5919548169043,1,q_mm_day,prcp_e5l
75361,0.8503806073744272,4,q_mm_day,prcp_e5l
5280,0.794886083760795,365,q_mm_day,prcp_e5l
72083,-5565.521068063059,364,q_mm_day,prcp_e5l
2180,0.7495613262707711,364,q_mm_day,prcp_e5l
10176,0.7226051893824313,1,q_mm_day,prcp_e5l
72668,0.7993262280579483,2,q_mm_day,prcp_e5l
76321,0.7126536115358617,1,q_mm_day,prcp_e5l
80222,0.817664821706244,1,q_mm_day,prcp_e5l
7176,0.16913500946027193,364,q_mm_day,prcp_e5l
72246,0.8030615890832693,1,q_mm_day,prcp_e5l
70284,0.7536251125221607,29,q_mm_day,prcp_e5l
84302,-1038.8500718713683,365,q_mm_day,prcp_e5l
10205,0.7115506305920407,364,q_mm_day,prcp_e5l
72459,0.773026019022157,1,q_mm_day,prcp_e5l
78507,0.629147857022734,1,q_mm_day,prcp_e5l
70147,0.7528742024608805,1,q_mm_day,prcp_e5l
4071,0.7356672412608052,1,q_mm_day,prcp_e5l
3218,0.7724334092056819,1,q_mm_day,prcp_e5l
76217,0.6819106118603973,286,q_mm_day,prcp_e5l
72055,0.7521497372557514,365,q_mm_day,prcp_e5l
9385,0.7050093448075501,145,q_mm_day,prcp_e5l
8364,0.7260794465962754,363,q_mm_day,prcp_e5l
84315,0.7173663169157597,2,q_mm_day,prcp_e5l
12061,0.6829483123441561,1,q_mm_day,prcp_e5l
2090,0.8494051010544805,2,q_mm_day,prcp_e5l
76416,0.7083332158635409,364,q_mm_day,prcp_e5l
72450,0.8319108691179747,365,q_mm_day,prcp_e5l
80220,0.8490058149162167,1,q_mm_day,prcp_e5l
84157,0.34503407446313616,2,q_mm_day,prcp_e5l
84312,-331.30097818435434,365,q_mm_day,prcp_e5l
78529,0.8489823894023549,1,q_mm_day,prcp_e5l
9213,0.8003946365516801,362,q_mm_day,prcp_e5l
76318,0.5917752440886973,364,q_mm_day,prcp_e5l
10264,0.8130521121972456,365,q_mm_day,prcp_e5l
10641,0.8575644962108685,2,q_mm_day,prcp_e5l
84803,-3541.3940764815707,1,q_mm_day,prcp_e5l
8139,0.6804909678053861,364,q_mm_day,prcp_e5l
8313,-193.8391945442397,1,q_mm_day,prcp_e5l
78078,0.7887383051709489,1,q_mm_day,prcp_e5l
3334,0.7305659460381454,1,q_mm_day,prcp_e5l
11500,0.539056150702179,1,q_mm_day,prcp_e5l
80157,0.8176217752880287,1,q_mm_day,prcp_e5l
48085,-469.05326444233276,1,q_mm_day,prcp_e5l
48058,-1738.5569882936647,361,q_mm_day,prcp_e5l
79261,0.4091649847083335,283,q_mm_day,prcp_e5l
71146,0.4766421155424533,1,q_mm_day,prcp_e5l
9333,-621.2587914066509,1,q_mm_day,prcp_e5l
10594,-373.3827547577842,365,q_mm_day,prcp_e5l
8384,0.41437469519960735,1,q_mm_day,prcp_e5l
10653,0.8096726713225595,1,q_mm_day,prcp_e5l
84179,0.7609512352451868,365,q_mm_day,prcp_e5l
72454,-136.1750952629852,365,q_mm_day,prcp_e5l
72156,0.7282131789574847,365,q_mm_day,prcp_e5l
75543,0.8822056809126076,2,q_mm_day,prcp_e5l
3147,0.8324006967083006,287,q_mm_day,prcp_e5l
10424,0.7513147450903043,359,q_mm_day,prcp_e5l
7161,-1873.956886952482,1,q_mm_day,prcp_e5l
10428,0.8548878024978568,365,q_mm_day,prcp_e5l
11327,-103734.03938586585,4,q_mm_day,prcp_e5l
76518,0.7907755687069566,217,q_mm_day,prcp_e5l
4158,0.7186758839195637,1,q_mm_day,prcp_e5l
7185,0.7041917312601548,1,q_mm_day,prcp_e5l
10489,-380679.0016050317,365,q_mm_day,prcp_e5l
8172,-126.12369022321887,364,q_mm_day,prcp_e5l
9380,0.740561752288318,362,q_mm_day,prcp_e5l
19197,0.8600143327956156,2,q_mm_day,prcp_e5l
12614,0.5313834449636172,361,q_mm_day,prcp_e5l
10211,0.6126759345381388,1,q_mm_day,prcp_e5l
72106,-307.6848500232333,364,q_mm_day,prcp_e5l
9164,0.8314483197506848,1,q_mm_day,prcp_e5l
48021,-14002.982174292698,1,q_mm_day,prcp_e5l
6256,0.810009700951889,364,q_mm_day,prcp_e5l
76112,0.7876734325261188,364,q_mm_day,prcp_e5l
4107,0.3892145523798415,1,q_mm_day,prcp_e5l
76495,0.8705248584895793,9,q_mm_day,prcp_e5l
10343,0.7853988193931015,2,q_mm_day,prcp_e5l
77124,0.7805582053238336,1,q_mm_day,prcp_e5l
10246,0.8383068253510366,1,q_mm_day,prcp_e5l
19183,0.7200499471007841,1,q_mm_day,prcp_e5l
84108,-6185.540279966618,365,q_mm_day,prcp_e5l
72285,0.5266457949152626,364,q_mm_day,prcp_e5l
6562,0.6765581657700133,3,q_mm_day,prcp_e5l
10219,0.8594942478417166,1,q_mm_day,prcp_e5l
75497,0.6148805664616948,1,q_mm_day,prcp_e5l
10232,0.8379119844493437,364,q_mm_day,prcp_e5l
70345,0.5163444573927691,364,q_mm_day,prcp_e5l
7187,0.6374167697664023,362,q_mm_day,prcp_e5l
6134,-149.97171358916097,1,q_mm_day,prcp_e5l
10112,0.6448336012616891,1,q_mm_day,prcp_e5l
9568,0.8219565874719664,32,q_mm_day,prcp_e5l
9304,0.6569535741334336,1,q_mm_day,prcp_e5l
6491,0.7644364441458811,292,q_mm_day,prcp_e5l
5063,-3693.68531147098,362,q_mm_day,prcp_e5l
49090,0.7021923902848017,365,q_mm_day,prcp_e5l
5122,0.7559808793994371,1,q_mm_day,prcp_e5l
75740,0.6597335386955157,365,q_mm_day,prcp_e5l
8290,0.8276979292358115,362,q_mm_day,prcp_e5l
10567,0.752312491367298,1,q_mm_day,prcp_e5l
5733,0.8304432086467601,1,q_mm_day,prcp_e5l
5262,-73.94260212561078,36,q_mm_day,prcp_e5l
8241,-45.971533025258054,365,q_mm_day,prcp_e5l
75772,0.7669648143931809,365,q_mm_day,prcp_e5l
71193,-54969.01802977676,365,q_mm_day,prcp_e5l
75286,0.7608497139770206,1,q_mm_day,prcp_e5l
5664,0.8312381493362484,361,q_mm_day,prcp_e5l
6259,0.7563744299357658,364,q_mm_day,prcp_e5l
75296,0.8541455157739184,1,q_mm_day,prcp_e5l
12498,0.7306097735464039,363,q_mm_day,prcp_e5l
3136,0.8313645150891403,1,q_mm_day,prcp_e5l
79051,0.6887942361493999,338,q_mm_day,prcp_e5l
10461,0.8269882538348736,365,q_mm_day,prcp_e5l
11312,-306844.31597693113,4,q_mm_day,prcp_e5l
7180,-1021.026295078731,365,q_mm_day,prcp_e5l
3135,0.844223252756156,27,q_mm_day,prcp_e5l
10411,0.5828937776548329,361,q_mm_day,prcp_e5l
76253,0.7702192119924479,360,q_mm_day,prcp_e5l
5383,-2035.4033992382435,363,q_mm_day,prcp_e5l
10279,0.7759901843486051,364,q_mm_day,prcp_e5l
78513,0.4904431107817929,365,q_mm_day,prcp_e5l
76139,0.7322744271422905,357,q_mm_day,prcp_e5l
12059,0.74781917974803,1,q_mm_day,prcp_e5l
2107,0.8411844157069592,2,q_mm_day,prcp_e5l
72682,0.8121515116852673,365,q_mm_day,prcp_e5l
9226,0.8065754287072142,1,q_mm_day,prcp_e5l
6077,0.7690215830403906,365,q_mm_day,prcp_e5l
10122,0.8662193017524895,1,q_mm_day,prcp_e5l
5652,0.23379925706981464,1,q_mm_day,prcp_e5l
75106,0.6487854812827645,364,q_mm_day,prcp_e5l
70574,0.7393024337569118,1,q_mm_day,prcp_e5l
48123,0.7322795190392875,364,q_mm_day,prcp_e5l
72192,0.6608342477999473,364,q_mm_day,prcp_e5l
10062,0.8331569675733458,365,q_mm_day,prcp_e5l
70609,0.8232951012436523,365,q_mm_day,prcp_e5l
3577,0.8101410227259506,1,q_mm_day,prcp_e5l
10349,0.7367488848345858,364,q_mm_day,prcp_e5l
4043,0.7558978661210406,1,q_mm_day,prcp_e5l
9337,-908.0300062987117,365,q_mm_day,prcp_e5l
19185,0.7344217812638498,1,q_mm_day,prcp_e5l
3248,0.7917913431911631,1,q_mm_day,prcp_e5l
72748,0.8051994592092782,364,q_mm_day,prcp_e5l
80148,0.4571598826137767,1,q_mm_day,prcp_e5l
84243,-8245.700798668528,2,q_mm_day,prcp_e5l
76692,0.7363865901460199,364,q_mm_day,prcp_e5l
10404,0.6445612145613915,1,q_mm_day,prcp_e5l
49129,-1131.0142401639248,359,q_mm_day,prcp_e5l
10315,-887.5143110750746,1,q_mm_day,prcp_e5l
75699,0.7862109974468591,2,q_mm_day,prcp_e5l
78503,0.7216360245557945,1,q_mm_day,prcp_e5l
7171,0.47622968971783297,365,q_mm_day,prcp_e5l
75749,0.8300473900130229,365,q_mm_day,prcp_e5l
5352,0.7634787423242059,1,q_mm_day,prcp_e5l
3219,0.7025764362209488,1,q_mm_day,prcp_e5l
72110,0.8013963450255042,3,q_mm_day,prcp_e5l
3669,0.8872197664204282,365,q_mm_day,prcp_e5l
75547,0.7957499994155356,1,q_mm_day,prcp_e5l
70533,0.6369522990325256,314,q_mm_day,prcp_e5l
78142,0.8801091244380896,1,q_mm_day,prcp_e5l
9403,0.5504927738948608,1,q_mm_day,prcp_e5l
9560,0.828366559257994,363,q_mm_day,prcp_e5l
84029,0.8919879167019822,1,q_mm_day,prcp_e5l
9286,0.6895694900093197,1,q_mm_day,prcp_e5l
11309,0.8475330256364496,143,q_mm_day,prcp_e5l
8582,0.4659089965188621,359,q_mm_day,prcp_e5l
70509,0.6709631188807458,365,q_mm_day,prcp_e5l
5458,-18596.085311575796,364,q_mm_day,prcp_e5l
70250,0.7004117734077848,2,q_mm_day,prcp_e5l
72738,-14845.078716581544,3,q_mm_day,prcp_e5l
70339,0.4901233493403012,1,q_mm_day,prcp_e5l
4159,0.6379494357756297,1,q_mm_day,prcp_e5l
10432,0.87222957626505,2,q_mm_day,prcp_e5l
72752,0.575996148299774,365,q_mm_day,prcp_e5l
75552,0.8318011882036596,2,q_mm_day,prcp_e5l
10100,0.7796363131668126,4,q_mm_day,prcp_e5l
9285,0.7299227762318774,1,q_mm_day,prcp_e5l
10476,0.8462612195331971,364,q_mm_day,prcp_e5l
8161,-257.789563441211,365,q_mm_day,prcp_e5l
76284,0.6271524540537589,362,q_mm_day,prcp_e5l
2103,-275.0982379421566,1,q_mm_day,prcp_e5l
77266,0.8597322741878992,1,q_mm_day,prcp_e5l
72423,0.7074123447703957,1,q_mm_day,prcp_e5l
5105,0.8438182840775592,365,q_mm_day,prcp_e5l
78515,0.6435013328516437,1,q_mm_day,prcp_e5l
72569,0.7964434102841687,3,q_mm_day,prcp_e5l
10651,0.8499239881935539,1,q_mm_day,prcp_e5l
1556,0.7585217379481869,19,q_mm_day,prcp_e5l
77259,0.837478933957364,2,q_mm_day,prcp_e5l
84031,0.8527606521922804,1,q_mm_day,prcp_e5l
76075,0.8386799660865931,365,q_mm_day,prcp_e5l
19008,0.6367612937711737,2,q_mm_day,prcp_e5l
5160,0.6925845754746545,213,q_mm_day,prcp_e5l
72155,0.7413249897428404,33,q_mm_day,prcp_e5l
19123,0.49997726917961705,1,q_mm_day,prcp_e5l
8249,0.7535113812578582,363,q_mm_day,prcp_e5l
19092,0.6836357820863448,360,q_mm_day,prcp_e5l
77285,0.8320792782406536,1,q_mm_day,prcp_e5l
10117,0.830041428787824,1,q_mm_day,prcp_e5l
77164,0.6940378750023398,1,q_mm_day,prcp_e5l
82039,0.5099968031592543,1,q_mm_day,prcp_e5l
84037,0.8435626071133129,1,q_mm_day,prcp_e5l
10570,0.8263891949787041,1,q_mm_day,prcp_e5l
80118,0.7592617075164108,1,q_mm_day,prcp_e5l
10511,-4630.018824102333,365,q_mm_day,prcp_e5l
4034,0.8322561288648609,1,q_mm_day,prcp_e5l
5662,0.3904697282284718,1,q_mm_day,prcp_e5l
48002,0.7710504167586774,365,q_mm_day,prcp_e5l
84200,-1657.884068280041,365,q_mm_day,prcp_e5l
75643,0.8803763093876614,1,q_mm_day,prcp_e5l
48075,-8532.333349190936,364,q_mm_day,prcp_e5l
75540,0.7549928598781946,1,q_mm_day,prcp_e5l
11306,0.8585838816299382,3,q_mm_day,prcp_e5l
19111,0.601001168496935,1,q_mm_day,prcp_e5l
78620,0.5925527104058018,1,q_mm_day,prcp_e5l
10595,0.8569352191447934,362,q_mm_day,prcp_e5l
7003,0.6073243716056873,358,q_mm_day,prcp_e5l
10591,-143.55967477719625,26,q_mm_day,prcp_e5l
71185,0.4878559732387643,361,q_mm_day,prcp_e5l
10379,0.6964559128542752,1,q_mm_day,prcp_e5l
75006,0.6940662643802276,363,q_mm_day,prcp_e5l
77260,0.7902273189743418,1,q_mm_day,prcp_e5l
10044,0.8901601930917084,365,q_mm_day,prcp_e5l
5600,0.5985845099374071,363,q_mm_day,prcp_e5l
84026,0.8219283133146582,1,q_mm_day,prcp_e5l
5166,0.8392639761558119,357,q_mm_day,prcp_e5l
19313,0.7980305820611763,362,q_mm_day,prcp_e5l
70348,0.643289617156491,363,q_mm_day,prcp_e5l
72625,0.8004985188116893,365,q_mm_day,prcp_e5l
4145,0.7455185864650409,1,q_mm_day,prcp_e5l
3247,0.7714993756045754,1,q_mm_day,prcp_e5l
10150,0.7114490754817407,1,q_mm_day,prcp_e5l
7142,-254.3057547234028,1,q_mm_day,prcp_e5l
76651,0.5187196243169683,2,q_mm_day,prcp_e5l
72508,0.5313854501335773,1,q_mm_day,prcp_e5l
75222,0.7604590258651713,1,q_mm_day,prcp_e5l
77115,0.669729868107378,1,q_mm_day,prcp_e5l
70414,0.7647856186032495,364,q_mm_day,prcp_e5l
11491,0.8171851171321858,363,q_mm_day,prcp_e5l
75257,0.79669554018139,1,q_mm_day,prcp_e5l
6139,-306.79734729356466,1,q_mm_day,prcp_e5l
77210,0.7832946412315838,1,q_mm_day,prcp_e5l
76364,0.6733198381185325,364,q_mm_day,prcp_e5l
78231,0.8529513378392102,1,q_mm_day,prcp_e5l
4033,-778.2100598571508,1,q_mm_day,prcp_e5l
7004,0.8126466009151183,1,q_mm_day,prcp_e5l
7016,0.7305888909389003,364,q_mm_day,prcp_e5l
10400,0.6706355726369864,1,q_mm_day,prcp_e5l
48069,0.7956727569827089,362,q_mm_day,prcp_e5l
1608,0.8126444545034324,1,q_mm_day,prcp_e5l
5094,0.7810242699766351,1,q_mm_day,prcp_e5l
6387,0.24573248359369337,364,q_mm_day,prcp_e5l
8334,-47.96169893234261,1,q_mm_day,prcp_e5l
70601,0.6295621724523711,364,q_mm_day,prcp_e5l
7009,0.7291396231746773,363,q_mm_day,prcp_e5l
3150,-727.9543168723233,363,q_mm_day,prcp_e5l
10407,0.6603966378355597,206,q_mm_day,prcp_e5l
84008,0.8921374400232568,365,q_mm_day,prcp_e5l
72109,-510.73350955264857,1,q_mm_day,prcp_e5l
75776,0.6665884792843775,1,q_mm_day,prcp_e5l
7034,0.8304360554764616,4,q_mm_day,prcp_e5l
72731,0.6674071425238295,1,q_mm_day,prcp_e5l
80592,0.6271460428120721,1,q_mm_day,prcp_e5l
75656,0.5444440534230522,1,q_mm_day,prcp_e5l
7200,-139.5236831487746,1,q_mm_day,prcp_e5l
78261,-2.5848963783553915,1,q_mm_day,prcp_e5l
77242,0.6678058135421212,1,q_mm_day,prcp_e5l
19108,0.5796702559103226,362,q_mm_day,prcp_e5l
12043,0.5596550598827711,1,q_mm_day,prcp_e5l
10231,0.8176531406894176,1,q_mm_day,prcp_e5l
5208,0.6832951980401182,365,q_mm_day,prcp_e5l
75727,0.802226731795584,363,q_mm_day,prcp_e5l
7167,-117.09186470315775,364,q_mm_day,prcp_e5l
8256,0.7893275585191923,362,q_mm_day,prcp_e5l
72585,-7657.841605242006,89,q_mm_day,prcp_e5l
12189,0.8250355272970591,362,q_mm_day,prcp_e5l
80442,0.8605603768658149,1,q_mm_day,prcp_e5l
2034,-836.9169439148064,363,q_mm_day,prcp_e5l
12320,0.8124305285461587,364,q_mm_day,prcp_e5l
72716,0.736240625612318,364,q_mm_day,prcp_e5l
11556,0.7745657338522983,1,q_mm_day,prcp_e5l
5449,-10270.104363730321,1,q_mm_day,prcp_e5l
76650,0.6514099757958429,362,q_mm_day,prcp_e5l
75751,0.5639444699576294,1,q_mm_day,prcp_e5l
7011,0.6915482758369957,363,q_mm_day,prcp_e5l
78611,0.8560061529627657,1,q_mm_day,prcp_e5l
84449,-39726.95824001432,4,q_mm_day,prcp_e5l
12417,0.8203423176106156,365,q_mm_day,prcp_e5l
12611,-26359.243535250065,1,q_mm_day,prcp_e5l
10108,0.6506774081744975,1,q_mm_day,prcp_e5l
76243,0.8354332554578953,364,q_mm_day,prcp_e5l
5746,-58419.09741795014,365,q_mm_day,prcp_e5l
5759,0.8724952782750462,365,q_mm_day,prcp_e5l
78410,0.7796338335224969,1,q_mm_day,prcp_e5l
76256,0.7431081548651636,365,q_mm_day,prcp_e5l
48030,-692.3211455646332,1,q_mm_day,prcp_e5l
5092,0.8238050369069764,1,q_mm_day,prcp_e5l
3291,0.5587190241912142,363,q_mm_day,prcp_e5l
76355,0.8276926642278889,2,q_mm_day,prcp_e5l
76145,0.5630011626739144,1,q_mm_day,prcp_e5l
10396,0.7012923037605616,1,q_mm_day,prcp_e5l
79006,0.8291819412184753,1,q_mm_day,prcp_e5l
84233,-1847.8070995562377,1,q_mm_day,prcp_e5l
78519,0.8010292113810802,365,q_mm_day,prcp_e5l
76483,0.855620767109107,1,q_mm_day,prcp_e5l
2152,0.846051927545524,3,q_mm_day,prcp_e5l
49126,0.8134874358700342,363,q_mm_day,prcp_e5l
76421,0.8188390687642937,362,q_mm_day,prcp_e5l
77166,0.6831827732561678,1,q_mm_day,prcp_e5l
80196,0.8092981644544397,1,q_mm_day,prcp_e5l
76406,0.8025670657784424,365,q_mm_day,prcp_e5l
49127,0.715180678731762,362,q_mm_day,prcp_e5l
5190,0.7161549502988855,363,q_mm_day,prcp_e5l
4181,0.8453848880943935,363,q_mm_day,prcp_e5l
10688,0.8511325894752447,1,q_mm_day,prcp_e5l
9199,0.6593868329567969,1,q_mm_day,prcp_e5l
75108,0.6936404226494218,362,q_mm_day,prcp_e5l
3059,0.8962909226752878,365,q_mm_day,prcp_e5l
9335,-4854.746358537283,1,q_mm_day,prcp_e5l
84185,-63.28044155846359,1,q_mm_day,prcp_e5l
78053,0.8058952254155869,1,q_mm_day,prcp_e5l
10357,0.8530379298542766,18,q_mm_day,prcp_e5l
77209,0.4925658040954629,365,q_mm_day,prcp_e5l
10209,0.6471506118740726,359,q_mm_day,prcp_e5l
3569,0.7338758934284597,1,q_mm_day,prcp_e5l
9189,-113.18310345868562,359,q_mm_day,prcp_e5l
82026,0.6131965746985967,1,q_mm_day,prcp_e5l
72148,0.7109471228064738,365,q_mm_day,prcp_e5l
8150,0.8574503530914792,365,q_mm_day,prcp_e5l
75217,0.425910970539804,1,q_mm_day,prcp_e5l
9283,-250.30407178305236,16,q_mm_day,prcp_e5l
84398,-578.7937041890947,365,q_mm_day,prcp_e5l
49053,0.8934891721574737,360,q_mm_day,prcp_e5l
75210,0.7948804585261919,363,q_mm_day,prcp_e5l
9309,0.6902304229824877,363,q_mm_day,prcp_e5l
70328,0.5977342710491602,1,q_mm_day,prcp_e5l
10126,0.8123579765695281,148,q_mm_day,prcp_e5l
76648,0.7634473398231083,356,q_mm_day,prcp_e5l
75280,0.8260317569041404,1,q_mm_day,prcp_e5l
10414,0.6409819301511048,12,q_mm_day,prcp_e5l
75402,0.570147569294605,1,q_mm_day,prcp_e5l
49093,0.6336009969697622,364,q_mm_day,prcp_e5l
76685,0.6516484893166649,361,q_mm_day,prcp_e5l
9397,0.7857583209564764,362,q_mm_day,prcp_e5l
9324,0.6566487111255427,363,q_mm_day,prcp_e5l
75645,0.41389484393887377,1,q_mm_day,prcp_e5l
12239,0.874018984800682,365,q_mm_day,prcp_e5l
76652,0.8347769385066335,1,q_mm_day,prcp_e5l
78160,0.650370166639995,1,q_mm_day,prcp_e5l
11538,0.79431652813642,365,q_mm_day,prcp_e5l
7080,0.8565144472561494,365,q_mm_day,prcp_e5l
80174,0.8133447576515732,1,q_mm_day,prcp_e5l
76255,0.6488045138268197,365,q_mm_day,prcp_e5l
79011,0.8047421297846,1,q_mm_day,prcp_e5l
75225,0.8383433958057561,365,q_mm_day,prcp_e5l
9356,0.7467229056917345,1,q_mm_day,prcp_e5l
10301,0.8012262677088726,1,q_mm_day,prcp_e5l
19172,0.6181772161086748,1,q_mm_day,prcp_e5l
9331,0.8022003165221692,1,q_mm_day,prcp_e5l
9298,-577.5552970742734,365,q_mm_day,prcp_e5l
70531,0.6755089210477754,363,q_mm_day,prcp_e5l
6549,0.7376076058978244,364,q_mm_day,prcp_e5l
77270,0.8747669189670404,1,q_mm_day,prcp_e5l
48088,-1513.6020154226921,363,q_mm_day,prcp_e5l
5403,-1122.6379827503522,365,q_mm_day,prcp_e5l
70011,-5148.297137900106,364,q_mm_day,prcp_e5l
19122,0.35238348071319947,1,q_mm_day,prcp_e5l
4238,0.7608770572426375,364,q_mm_day,prcp_e5l
49094,0.7880333230507245,364,q_mm_day,prcp_e5l
83061,0.8505939796566843,1,q_mm_day,prcp_e5l
19087,0.7064264891792782,362,q_mm_day,prcp_e5l
10148,0.7397615435505958,363,q_mm_day,prcp_e5l
5199,0.7080864925606983,364,q_mm_day,prcp_e5l
75553,0.8428829002043448,1,q_mm_day,prcp_e5l
70206,0.6680887710566095,2,q_mm_day,prcp_e5l
19158,0.7096585617026887,42,q_mm_day,prcp_e5l
78590,-2289.7074043039706,1,q_mm_day,prcp_e5l
4032,0.8345904881139283,2,q_mm_day,prcp_e5l
75289,0.6148853842261293,1,q_mm_day,prcp_e5l
75299,0.63199214330757,359,q_mm_day,prcp_e5l
12125,0.7249672426422917,336,q_mm_day,prcp_e5l
70466,0.7976754281096181,364,q_mm_day,prcp_e5l
10276,0.7247737394420545,1,q_mm_day,prcp_e5l
76367,0.719277144012902,359,q_mm_day,prcp_e5l
10380,0.7103966756937219,2,q_mm_day,prcp_e5l
49014,-1630.4389448617571,363,q_mm_day,prcp_e5l
70399,0.5478656314395369,346,q_mm_day,prcp_e5l
9511,0.6952902693365712,364,q_mm_day,prcp_e5l
79244,0.690532375781029,1,q_mm_day,prcp_e5l
11385,0.7918317049947627,1,q_mm_day,prcp_e5l
76270,0.7511228892985207,363,q_mm_day,prcp_e5l
78277,0.872315117994483,1,q_mm_day,prcp_e5l
75300,0.46927541360223946,1,q_mm_day,prcp_e5l
70209,0.645673528873026,2,q_mm_day,prcp_e5l
76190,0.7286828316205338,287,q_mm_day,prcp_e5l
84400,-145.67475296138934,3,q_mm_day,prcp_e5l
19050,0.685007146419629,1,q_mm_day,prcp_e5l
76180,0.7380295836969282,365,q_mm_day,prcp_e5l
9326,0.7109887205792251,362,q_mm_day,prcp_e5l
1151,0.7312201867816752,1,q_mm_day,prcp_e5l
8339,-88.66327896416989,1,q_mm_day,prcp_e5l
75503,0.5405835855640873,2,q_mm_day,prcp_e5l
76456,0.70960004681287,361,q_mm_day,prcp_e5l
6563,0.7768740344465905,362,q_mm_day,prcp_e5l
10478,-176735.97703600957,364,q_mm_day,prcp_e5l
11353,0.9046810498998378,1,q_mm_day,prcp_e5l
72519,0.6559773809076006,364,q_mm_day,prcp_e5l
75291,0.7994487461645261,1,q_mm_day,prcp_e5l
78163,0.664775544200404,1,q_mm_day,prcp_e5l
4148,0.7305051021677029,1,q_mm_day,prcp_e5l
9279,-295.6692109402672,24,q_mm_day,prcp_e5l
84245,0.5771996231817713,364,q_mm_day,prcp_e5l
5642,0.19224705202974102,2,q_mm_day,prcp_e5l
72076,0.7816947422221687,365,q_mm_day,prcp_e5l
48038,-47485.87124680723,1,q_mm_day,prcp_e5l
70117,0.5343697094501589,1,q_mm_day,prcp_e5l
3178,0.496874765748338,1,q_mm_day,prcp_e5l
76520,0.7607337428426378,1,q_mm_day,prcp_e5l
72327,0.7094724930533969,1,q_mm_day,prcp_e5l
77140,0.8304496242537105,1,q_mm_day,prcp_e5l
72191,-9424.907049050136,364,q_mm_day,prcp_e5l
70211,0.6367802710581303,324,q_mm_day,prcp_e5l
77212,0.8386318221797635,362,q_mm_day,prcp_e5l
10204,0.6728719003062237,364,q_mm_day,prcp_e5l
72760,0.7026157022345475,2,q_mm_day,prcp_e5l
75301,0.5756559330286608,1,q_mm_day,prcp_e5l
70586,0.7886927471012886,6,q_mm_day,prcp_e5l
76490,0.7475187464081581,1,q_mm_day,prcp_e5l
79324,0.8827921321348134,365,q_mm_day,prcp_e5l
80113,0.38956077160294655,365,q_mm_day,prcp_e5l
7036,-6072.762759277493,3,q_mm_day,prcp_e5l
4141,0.6960090906520837,1,q_mm_day,prcp_e5l
73110,0.7831783208914355,363,q_mm_day,prcp_e5l
49125,0.7813974387558704,363,q_mm_day,prcp_e5l
75227,0.8135401625683174,97,q_mm_day,prcp_e5l
2270,-1162.8411365042873,363,q_mm_day,prcp_e5l
72739,0.8086722850671566,364,q_mm_day,prcp_e5l
72753,0.8078614651136968,365,q_mm_day,prcp_e5l
5459,-488.24392383725655,1,q_mm_day,prcp_e5l
5611,0.6214328325654854,1,q_mm_day,prcp_e5l
7156,0.808284702314787,343,q_mm_day,prcp_e5l
6143,0.8546641720270836,4,q_mm_day,prcp_e5l
7024,-105445.71467732491,365,q_mm_day,prcp_e5l
48091,0.7760553101214792,4,q_mm_day,prcp_e5l
77193,0.4447530025016,2,q_mm_day,prcp_e5l
6141,-276.4690646926987,1,q_mm_day,prcp_e5l
72649,0.8133765678525604,364,q_mm_day,prcp_e5l
2229,-454.4210117061378,1,q_mm_day,prcp_e5l
72104,-494.9375415708318,1,q_mm_day,prcp_e5l
70459,0.6035535750789267,1,q_mm_day,prcp_e5l
76360,0.6742322564159171,364,q_mm_day,prcp_e5l
19127,0.8867970685054418,1,q_mm_day,prcp_e5l
3079,0.7792130054556675,140,q_mm_day,prcp_e5l
72064,0.7250136402348322,364,q_mm_day,prcp_e5l
75079,0.8131890429140923,318,q_mm_day,prcp_e5l
10441,0.8623263994435293,1,q_mm_day,prcp_e5l
75561,0.5448066439860968,1,q_mm_day,prcp_e5l
48089,0.7837641710798084,365,q_mm_day,prcp_e5l
75382,0.44393804737635945,365,q_mm_day,prcp_e5l
10184,0.6480085673765386,1,q_mm_day,prcp_e5l
76264,0.8338894867649161,1,q_mm_day,prcp_e5l
4036,0.7941343556764414,363,q_mm_day,prcp_e5l
2203,0.8201974696636748,1,q_mm_day,prcp_e5l
5635,0.5347651120456618,1,q_mm_day,prcp_e5l
83372,0.608646976399545,365,q_mm_day,prcp_e5l
70587,0.779368266515291,363,q_mm_day,prcp_e5l
75752,0.6556167781342086,1,q_mm_day,prcp_e5l
72004,-1573.5997836174529,364,q_mm_day,prcp_e5l
10323,-101.74228858251332,365,q_mm_day,prcp_e5l
11352,-731.3193184356516,1,q_mm_day,prcp_e5l
10144,0.7896939615173945,1,q_mm_day,prcp_e5l
84295,-7115.89831889347,4,q_mm_day,prcp_e5l
75710,0.7581798633547003,2,q_mm_day,prcp_e5l
75678,0.8420671526834274,180,q_mm_day,prcp_e5l
80165,0.7302941055314169,1,q_mm_day,prcp_e5l
12279,0.8660481168600154,365,q_mm_day,prcp_e5l
72188,0.7331455226697965,42,q_mm_day,prcp_e5l
49123,-36365.53548090216,364,q_mm_day,prcp_e5l
70499,0.6726126800294747,357,q_mm_day,prcp_e5l
75219,0.6547272503156482,364,q_mm_day,prcp_e5l
2062,-3288.257189421372,1,q_mm_day,prcp_e5l
75624,0.7522200804144691,1,q_mm_day,prcp_e5l
10402,0.8110319149455,1,q_mm_day,prcp_e5l
12476,0.7344545447753543,1,q_mm_day,prcp_e5l
49120,0.7532587306875044,364,q_mm_day,prcp_e5l
84129,0.8949932716267672,1,q_mm_day,prcp_e5l
10078,-166.2424786988086,2,q_mm_day,prcp_e5l
10060,0.8090202303449356,38,q_mm_day,prcp_e5l
11350,0.8596781225461918,1,q_mm_day,prcp_e5l
75388,0.3368462541643926,1,q_mm_day,prcp_e5l
76076,0.648520141526008,293,q_mm_day,prcp_e5l
5552,0.7715676275851101,1,q_mm_day,prcp_e5l
1576,0.8279784672036741,364,q_mm_day,prcp_e5l
75074,0.5699142184512158,1,q_mm_day,prcp_e5l
70340,0.6418487305605816,203,q_mm_day,prcp_e5l
83262,-767.1105324970847,1,q_mm_day,prcp_e5l
70559,0.5552222710506426,1,q_mm_day,prcp_e5l
78130,0.815518629297256,1,q_mm_day,prcp_e5l
78343,0.8429107727048817,1,q_mm_day,prcp_e5l
70288,0.4797745445143091,364,q_mm_day,prcp_e5l
70334,0.6573128547232305,1,q_mm_day,prcp_e5l
49070,0.70831686437306,361,q_mm_day,prcp_e5l
77197,0.711208755449048,1,q_mm_day,prcp_e5l
78132,0.8492171855113484,1,q_mm_day,prcp_e5l
72102,-367.92263237798585,365,q_mm_day,prcp_e5l
7056,0.6663568359906096,1,q_mm_day,prcp_e5l
70486,0.6606360124308083,363,q_mm_day,prcp_e5l
19170,0.6442103870540652,362,q_mm_day,prcp_e5l
80224,0.8706758045010379,1,q_mm_day,prcp_e5l
76345,0.7857650504421811,365,q_mm_day,prcp_e5l
72179,0.7470123106231581,365,q_mm_day,prcp_e5l
83318,-710.1405722492239,1,q_mm_day,prcp_e5l
75682,0.7281862578057292,4,q_mm_day,prcp_e5l
11374,0.8852363887691486,365,q_mm_day,prcp_e5l
72269,0.7617851020507278,365,q_mm_day,prcp_e5l
4068,0.7141936904450408,1,q_mm_day,prcp_e5l
76494,0.7967380571330047,364,q_mm_day,prcp_e5l
77223,0.8703262813302065,1,q_mm_day,prcp_e5l
75728,0.7755603643318065,363,q_mm_day,prcp_e5l
8233,-31.167858833126004,365,q_mm_day,prcp_e5l
75607,0.501930597276702,363,q_mm_day,prcp_e5l
10548,0.8381394755776952,22,q_mm_day,prcp_e5l
75389,0.47871477637507354,1,q_mm_day,prcp_e5l
5604,0.13743142740473968,1,q_mm_day,prcp_e5l
10586,0.7201914127689937,1,q_mm_day,prcp_e5l
84215,-3546.302803865952,2,q_mm_day,prcp_e5l
7087,-1001.3739494638284,1,q_mm_day,prcp_e5l
10468,-24806.871161394138,1,q_mm_day,prcp_e5l
48029,-40682.9924966348,348,q_mm_day,prcp_e5l
72172,0.6950636522544889,365,q_mm_day,prcp_e5l
3637,0.8257569755690815,364,q_mm_day,prcp_e5l
8289,0.8063274394565019,361,q_mm_day,prcp_e5l
70248,0.7414513950005202,353,q_mm_day,prcp_e5l
77327,0.8694094139709483,1,q_mm_day,prcp_e5l
84347,-141.55014423978233,1,q_mm_day,prcp_e5l
76688,0.7363132095863576,360,q_mm_day,prcp_e5l
2040,0.8124970419456167,3,q_mm_day,prcp_e5l
75202,0.7973677473286542,365,q_mm_day,prcp_e5l
9355,0.7538585693692161,1,q_mm_day,prcp_e5l
78050,0.9073494989353037,1,q_mm_day,prcp_e5l
9344,0.7893590880521945,1,q_mm_day,prcp_e5l
5589,0.6599746242239513,1,q_mm_day,prcp_e5l
76141,0.8395322159729529,365,q_mm_day,prcp_e5l
5151,0.6583555965106928,1,q_mm_day,prcp_e5l
76486,0.88642174010053,1,q_mm_day,prcp_e5l
78087,0.8884445255428688,1,q_mm_day,prcp_e5l
76008,0.8425862513656139,365,q_mm_day,prcp_e5l
70517,0.6325590013228322,1,q_mm_day,prcp_e5l
80198,0.8666558546116492,3,q_mm_day,prcp_e5l
75238,0.4087685978293901,1,q_mm_day,prcp_e5l
12354,0.7332696612215588,8,q_mm_day,prcp_e5l
75303,0.49783341082392585,363,q_mm_day,prcp_e5l
76512,0.8972012583751482,1,q_mm_day,prcp_e5l
72603,0.7690654335858083,1,q_mm_day,prcp_e5l
72660,0.7945255982117944,365,q_mm_day,prcp_e5l
75576,0.7915630589924408,163,q_mm_day,prcp_e5l
83288,0.8000060523406097,1,q_mm_day,prcp_e5l
4012,0.8129878283507679,1,q_mm_day,prcp_e5l
3210,0.596991777545526,363,q_mm_day,prcp_e5l
