gauge_id,NSE,encoder,decoder
10620,0.8499415661447576,q_mm_day,prcp_e5l
4197,0.9525801129514192,q_mm_day,prcp_e5l
8306,0.6614757030587334,q_mm_day,t_min_e5l
78614,0.3952371702866331,q_mm_day,prcp_e5l
5287,0.9290418285012614,q_mm_day,t_min_e5l
2198,0.9522825761076185,q_mm_day,t_min_e5l
10566,0.9106595508130222,q_mm_day,t_min_e5l
77112,0.7934234623886133,q_mm_day,prcp_e5l
76646,0.8325064836410064,q_mm_day,prcp_e5l
78275,0.9430449690033682,q_mm_day,prcp_e5l
75033,0.7593630358797411,q_mm_day,prcp_e5l
71199,0.9309621648247155,q_mm_day,t_min_e5l
75236,0.7259488056265457,q_mm_day,prcp_e5l
11637,0.9866566595008568,q_mm_day,prcp_e5l
76489,0.7787499118899098,q_mm_day,prcp_e5l
70175,0.8623903762904149,q_mm_day,t_min_e5l
8379,0.8064089740483485,q_mm_day,t_min_e5l
70242,0.9113957594344657,q_mm_day,t_min_e5l
82060,0.7494271430492214,q_mm_day,prcp_e5l
7029,0.6634623152056506,q_mm_day,t_min_e5l
78004,0.8252846473774209,q_mm_day,prcp_e5l
76324,0.7860267542643482,q_mm_day,prcp_e5l
12115,0.9349118693678953,q_mm_day,prcp_e5l
2128,0.8569969566246123,q_mm_day,t_min_e5l
7022,0.9418162406689705,q_mm_day,t_min_e5l
75520,0.8681643296683843,q_mm_day,prcp_e5l
72623,0.932348938411732,q_mm_day,prcp_e5l
72007,0.958880578791045,q_mm_day,prcp_e5l
76317,0.8911016453311404,q_mm_day,prcp_e5l
2164,0.8708460867830946,q_mm_day,prcp_e5l
10202,0.8924142732600365,q_mm_day,prcp_e5l
4105,0.7734033564432763,q_mm_day,prcp_e5l
4226,0.8678041529170861,q_mm_day,prcp_e5l
78499,0.9578026646442733,q_mm_day,prcp_e5l
76470,0.930430747727674,q_mm_day,prcp_e5l
9370,0.9276322592627346,q_mm_day,prcp_e5l
5055,0.8795676032639004,q_mm_day,t_min_e5l
77156,0.8365531710623754,q_mm_day,prcp_e5l
76466,0.8234014688664067,q_mm_day,t_min_e5l
7039,0.9605568113265214,q_mm_day,prcp_e5l
78512,0.9516582891144605,q_mm_day,prcp_e5l
2026,0.9726877806399349,q_mm_day,t_min_e5l
70617,0.8576841246236798,q_mm_day,t_min_e5l
7174,0.6915217896871877,q_mm_day,prcp_e5l
3068,0.852571361288416,q_mm_day,t_min_e5l
84447,0.9468751911963638,q_mm_day,t_min_e5l
8230,0.7505939258584001,q_mm_day,t_min_e5l
19153,0.892378550404386,q_mm_day,prcp_e5l
8162,0.7476990093983213,q_mm_day,t_min_e5l
84019,0.2141461734857436,q_mm_day,prcp_e5l
77217,0.8188141336584114,q_mm_day,prcp_e5l
72588,0.9494415385285239,q_mm_day,prcp_e5l
83348,0.79949898269037,q_mm_day,prcp_e5l
11379,0.9566769991995223,q_mm_day,prcp_e5l
10120,0.8560850216435227,q_mm_day,t_min_e5l
77298,0.9130408185647769,q_mm_day,prcp_e5l
78055,0.9177132819702996,q_mm_day,prcp_e5l
72113,0.9477576805685478,q_mm_day,prcp_e5l
5555,0.8312375990743481,q_mm_day,prcp_e5l
7202,0.9730099982598275,q_mm_day,t_min_e5l
72043,0.9465259539541316,q_mm_day,prcp_e5l
75674,0.9744891595559803,q_mm_day,t_min_e5l
12651,0.9234994481265232,q_mm_day,prcp_e5l
12383,0.984524914588153,q_mm_day,prcp_e5l
70331,0.8779435158048308,q_mm_day,t_min_e5l
49110,0.9528756962464617,q_mm_day,t_min_e5l
75271,0.7095381655532998,q_mm_day,prcp_e5l
79335,0.9242230209055978,q_mm_day,prcp_e5l
49149,0.976073577385231,q_mm_day,prcp_e5l
10583,0.9102468756206297,q_mm_day,t_min_e5l
78205,0.6185079175978465,q_mm_day,prcp_e5l
80424,0.9029473779963598,q_mm_day,prcp_e5l
11368,0.9484209823227199,q_mm_day,prcp_e5l
1596,0.9444106120158643,q_mm_day,t_min_e5l
9191,0.8447221969202674,q_mm_day,t_min_e5l
2126,0.964034547493218,q_mm_day,t_min_e5l
75235,0.9452802654230109,q_mm_day,prcp_e5l
11334,0.9828350214350742,q_mm_day,prcp_e5l
75367,0.8842102635125102,q_mm_day,prcp_e5l
49047,0.9773155688183623,q_mm_day,t_min_e5l
2115,0.9707219513312162,q_mm_day,t_min_e5l
2193,0.9663845143306415,q_mm_day,prcp_e5l
8359,0.8996807027825224,q_mm_day,prcp_e5l
9282,0.9052628667680123,q_mm_day,t_min_e5l
7012,0.9130919428758697,q_mm_day,t_min_e5l
80230,0.9417729395747699,q_mm_day,prcp_e5l
10549,0.986534077249973,q_mm_day,prcp_e5l
76653,0.8866962650125971,q_mm_day,prcp_e5l
78196,0.9395021142373113,q_mm_day,prcp_e5l
10266,0.9377383219968215,q_mm_day,t_min_e5l
9207,0.9070509352670955,q_mm_day,t_min_e5l
7099,0.9762037116330519,q_mm_day,t_min_e5l
6506,0.900587484511135,q_mm_day,prcp_e5l
6089,0.8800466523312431,q_mm_day,t_min_e5l
7152,0.9671170314381038,q_mm_day,prcp_e5l
9547,0.9082228107794191,q_mm_day,prcp_e5l
8288,0.8744625354498415,q_mm_day,t_min_e5l
2010,0.9759691422514832,q_mm_day,t_min_e5l
76673,0.8866748175386737,q_mm_day,prcp_e5l
6407,0.7557576237072394,q_mm_day,prcp_e5l
71277,0.8110091588711703,q_mm_day,prcp_e5l
70583,0.8749102322672512,q_mm_day,t_min_e5l
11370,0.9661691670931828,q_mm_day,prcp_e5l
49128,0.9212658061301102,q_mm_day,prcp_e5l
11487,0.8713875835316541,q_mm_day,prcp_e5l
75297,0.9418914073037391,q_mm_day,prcp_e5l
10701,0.8557479799159038,q_mm_day,prcp_e5l
9216,0.9292582280847547,q_mm_day,t_min_e5l
5453,0.9652188865061141,q_mm_day,t_min_e5l
76099,0.9509581921086331,q_mm_day,t_min_e5l
83350,0.7525303338775067,q_mm_day,prcp_e5l
12305,0.9551780091698578,q_mm_day,prcp_e5l
5250,0.9257072378353782,q_mm_day,t_min_e5l
7020,0.9735417047587266,q_mm_day,prcp_e5l
3003,0.9590458984422164,q_mm_day,t_min_e5l
77250,0.962959605826601,q_mm_day,prcp_e5l
2106,0.9698539783523763,q_mm_day,prcp_e5l
6424,0.8994953141742039,q_mm_day,t_min_e5l
3073,0.8525967197608251,q_mm_day,t_min_e5l
5736,0.8584694307939114,q_mm_day,t_min_e5l
77397,0.6250429499509995,q_mm_day,prcp_e5l
76417,0.9402071811363644,q_mm_day,t_min_e5l
5311,0.9579565535184426,q_mm_day,t_min_e5l
5292,0.7888643281847028,q_mm_day,prcp_e5l
75780,0.8629380744901719,q_mm_day,prcp_e5l
70589,0.8366848451118407,q_mm_day,t_min_e5l
70566,0.9308427721184727,q_mm_day,t_min_e5l
6345,0.5726658511665808,q_mm_day,t_min_e5l
77146,0.8940517915991024,q_mm_day,prcp_e5l
10198,0.845501396870637,q_mm_day,prcp_e5l
9345,0.8913837846644106,q_mm_day,prcp_e5l
80405,0.9603053877458786,q_mm_day,prcp_e5l
3234,0.8568842755113621,q_mm_day,t_min_e5l
8410,0.8189188529386291,q_mm_day,t_min_e5l
6443,0.8441271850313531,q_mm_day,prcp_e5l
7076,0.9749919810420431,q_mm_day,t_min_e5l
77329,0.9218702497203626,q_mm_day,prcp_e5l
10394,0.9530578418255292,q_mm_day,prcp_e5l
10416,0.9602511964228457,q_mm_day,prcp_e5l
10240,0.9254482406141948,q_mm_day,t_min_e5l
75491,0.9662741055015717,q_mm_day,prcp_e5l
76159,0.9258475572546173,q_mm_day,t_min_e5l
10221,0.885188472604335,q_mm_day,prcp_e5l
4027,0.9103094695225422,q_mm_day,prcp_e5l
83260,0.8058679293460537,q_mm_day,prcp_e5l
77336,0.6749803615072527,q_mm_day,prcp_e5l
8254,0.9439733895764422,q_mm_day,t_min_e5l
5072,0.7319489002735352,q_mm_day,prcp_e5l
72481,0.7590330474849813,q_mm_day,prcp_e5l
6411,0.8988084423849638,q_mm_day,prcp_e5l
70522,0.890232637603797,q_mm_day,t_min_e5l
8095,0.870052982001801,q_mm_day,t_min_e5l
75290,0.939749591182256,q_mm_day,prcp_e5l
76661,0.9148147501964127,q_mm_day,prcp_e5l
83174,0.8387653330835432,q_mm_day,prcp_e5l
10075,0.9174331338861224,q_mm_day,t_min_e5l
7172,0.6830792660702045,q_mm_day,t_min_e5l
84078,0.8652260316860693,q_mm_day,prcp_e5l
72566,0.9620484356182633,q_mm_day,prcp_e5l
84213,0.9619084661234956,q_mm_day,t_min_e5l
78225,-0.17854662629454654,q_mm_day,prcp_e5l
48011,0.909549925960025,q_mm_day,prcp_e5l
70597,0.8996434375274508,q_mm_day,prcp_e5l
10058,0.7874837315594967,q_mm_day,prcp_e5l
10554,0.8032609747598565,q_mm_day,prcp_e5l
75254,0.9577323331506573,q_mm_day,prcp_e5l
83063,0.9683919567655425,q_mm_day,prcp_e5l
5074,0.8767506029605234,q_mm_day,t_min_e5l
3074,0.8916289554259659,q_mm_day,t_min_e5l
72577,0.9712170972849767,q_mm_day,t_min_e5l
9329,0.9442301246957296,q_mm_day,prcp_e5l
75631,0.7656170976824848,q_mm_day,prcp_e5l
48090,0.9661648355064596,q_mm_day,prcp_e5l
83369,0.6303648995978154,q_mm_day,prcp_e5l
19154,0.887314851629157,q_mm_day,prcp_e5l
75463,0.8285989982339083,q_mm_day,prcp_e5l
78393,0.9522421050326001,q_mm_day,prcp_e5l
8374,0.9507416936002818,q_mm_day,t_min_e5l
76165,0.9013917188094582,q_mm_day,prcp_e5l
4240,0.8499607919323611,q_mm_day,prcp_e5l
3083,0.9324635737037716,q_mm_day,t_min_e5l
5507,0.8509290136711932,q_mm_day,prcp_e5l
9166,0.9255901770875672,q_mm_day,t_min_e5l
8347,0.8469956230647471,q_mm_day,prcp_e5l
76275,0.8882514656997158,q_mm_day,t_min_e5l
76499,0.9427660221021547,q_mm_day,prcp_e5l
8188,0.9432174673164567,q_mm_day,prcp_e5l
19383,0.7690869824039501,q_mm_day,prcp_e5l
83340,0.8452473899062292,q_mm_day,prcp_e5l
72162,0.9306404655351292,q_mm_day,prcp_e5l
5254,0.9361196550315284,q_mm_day,t_min_e5l
5580,0.7944035494763927,q_mm_day,prcp_e5l
10475,0.9638033332930455,q_mm_day,prcp_e5l
10453,0.9829655433919361,q_mm_day,t_min_e5l
76325,0.9033411659144728,q_mm_day,prcp_e5l
77407,0.847668031894058,q_mm_day,prcp_e5l
10110,0.8909313462165372,q_mm_day,t_min_e5l
49054,0.9733937696970938,q_mm_day,prcp_e5l
75615,0.6886173749434292,q_mm_day,prcp_e5l
78144,0.944156185712211,q_mm_day,prcp_e5l
4102,0.7107370627055185,q_mm_day,prcp_e5l
6076,0.9421142185768165,q_mm_day,t_min_e5l
8120,0.5661540666194425,q_mm_day,prcp_e5l
78345,0.9642008664884703,q_mm_day,prcp_e5l
75427,0.7975843813016235,q_mm_day,prcp_e5l
11639,0.9779096454620552,q_mm_day,t_min_e5l
4116,0.7625988241554492,q_mm_day,prcp_e5l
5148,0.5531499267883975,q_mm_day,prcp_e5l
19135,0.23395484384686094,q_mm_day,prcp_e5l
77246,0.9150566741597602,q_mm_day,prcp_e5l
80197,0.9588544422219275,q_mm_day,prcp_e5l
10223,0.8395260157728232,q_mm_day,prcp_e5l
84342,0.9300022786315225,q_mm_day,prcp_e5l
9417,0.9273683648441428,q_mm_day,t_min_e5l
4160,0.8102064379047985,q_mm_day,prcp_e5l
71104,0.7960574291799771,q_mm_day,t_min_e5l
10292,0.8485680562309079,q_mm_day,t_min_e5l
76176,0.9198482237721549,q_mm_day,t_min_e5l
70246,0.9186598046228399,q_mm_day,t_min_e5l
5597,0.5095198602178974,q_mm_day,prcp_e5l
9372,0.955144450494016,q_mm_day,t_min_e5l
9563,0.9785611823861176,q_mm_day,t_min_e5l
9546,0.8337726211574069,q_mm_day,prcp_e5l
10571,0.970348000632996,q_mm_day,t_min_e5l
76461,0.8188700893046288,q_mm_day,t_min_e5l
9217,0.9123210904720249,q_mm_day,t_min_e5l
76130,0.905214454827128,q_mm_day,t_min_e5l
72761,0.8375858015259584,q_mm_day,prcp_e5l
5211,0.9427163644495515,q_mm_day,prcp_e5l
83314,0.9449467877449719,q_mm_day,prcp_e5l
82046,0.3783401198980235,q_mm_day,prcp_e5l
11335,0.9829877580864812,q_mm_day,prcp_e5l
10539,0.8634714609517805,q_mm_day,prcp_e5l
76533,0.9138186646490427,q_mm_day,prcp_e5l
49052,0.9329627321970104,q_mm_day,prcp_e5l
78141,0.9595516943680246,q_mm_day,prcp_e5l
7060,0.8690910923523689,q_mm_day,t_min_e5l
8281,0.9640236547653499,q_mm_day,prcp_e5l
75664,0.7673613067869751,q_mm_day,prcp_e5l
3156,0.9662193232380634,q_mm_day,t_min_e5l
11675,0.9136065579543757,q_mm_day,prcp_e5l
10133,0.9630673708643643,q_mm_day,t_min_e5l
70129,0.5645541755665124,q_mm_day,prcp_e5l
76500,0.9345217319979378,q_mm_day,prcp_e5l
7130,0.9617836429192266,q_mm_day,t_min_e5l
1534,0.8372196153593094,q_mm_day,prcp_e5l
76701,0.9308403381837334,q_mm_day,t_min_e5l
72661,0.9257431337481261,q_mm_day,prcp_e5l
10073,0.9498117307405709,q_mm_day,t_min_e5l
70382,0.9432629154794134,q_mm_day,t_min_e5l
70212,0.9381171313408294,q_mm_day,t_min_e5l
78092,0.8047456684009542,q_mm_day,prcp_e5l
7066,0.7845213773996123,q_mm_day,t_min_e5l
72198,0.9589245286200655,q_mm_day,prcp_e5l
2027,0.9626115546203231,q_mm_day,t_min_e5l
77362,-0.17654418156650298,q_mm_day,prcp_e5l
78504,0.9531886124664548,q_mm_day,prcp_e5l
10059,0.5332783284593171,q_mm_day,t_min_e5l
72518,0.9010046949969102,q_mm_day,prcp_e5l
19167,0.8242674132350304,q_mm_day,prcp_e5l
19159,0.9724206152057078,q_mm_day,prcp_e5l
11620,0.9863355127013078,q_mm_day,prcp_e5l
8375,0.9554624915424231,q_mm_day,prcp_e5l
19049,0.8859522438008582,q_mm_day,prcp_e5l
11357,0.9719720020207973,q_mm_day,prcp_e5l
72098,0.9615219648421488,q_mm_day,prcp_e5l
78623,0.965674944161797,q_mm_day,prcp_e5l
84448,0.979145345135526,q_mm_day,t_min_e5l
70118,0.7910274774874628,q_mm_day,t_min_e5l
72654,0.9697157819348858,q_mm_day,prcp_e5l
19039,0.9017855535287952,q_mm_day,prcp_e5l
78252,0.9374817324965268,q_mm_day,prcp_e5l
10387,0.92874084984654,q_mm_day,t_min_e5l
4235,0.7119944770685462,q_mm_day,prcp_e5l
10385,0.8699007423547698,q_mm_day,t_min_e5l
70614,0.8616793124122052,q_mm_day,prcp_e5l
3087,0.9603660509997676,q_mm_day,t_min_e5l
7148,0.9566476326562601,q_mm_day,t_min_e5l
70444,0.894920184381611,q_mm_day,t_min_e5l
4173,0.9094884915881654,q_mm_day,prcp_e5l
75676,0.9783683754475979,q_mm_day,t_min_e5l
72744,0.9577288998061464,q_mm_day,prcp_e5l
19128,0.4839433607493836,q_mm_day,prcp_e5l
4090,0.7703643730152425,q_mm_day,prcp_e5l
78404,0.9558743627829659,q_mm_day,prcp_e5l
12315,0.9709217989287302,q_mm_day,prcp_e5l
11676,0.9778693756832488,q_mm_day,prcp_e5l
4005,0.7158911644139512,q_mm_day,prcp_e5l
3603,0.9050239149853249,q_mm_day,t_min_e5l
9169,0.8314573915039544,q_mm_day,t_min_e5l
10308,0.9845978226754372,q_mm_day,prcp_e5l
78502,0.94469757840359,q_mm_day,prcp_e5l
72592,0.9668289930945012,q_mm_day,prcp_e5l
75687,0.9594078847496789,q_mm_day,prcp_e5l
72696,0.9474444254578241,q_mm_day,prcp_e5l
3076,0.8592636646706475,q_mm_day,t_min_e5l
70410,0.9241005423220114,q_mm_day,t_min_e5l
75658,0.8712403311855367,q_mm_day,prcp_e5l
77370,0.9200838258125291,q_mm_day,prcp_e5l
9215,0.9465148867558972,q_mm_day,t_min_e5l
80236,0.9519705727325896,q_mm_day,prcp_e5l
77245,0.9294141235963965,q_mm_day,prcp_e5l
75387,0.43696107816316654,q_mm_day,prcp_e5l
75608,0.9325034932378826,q_mm_day,prcp_e5l
7203,0.9657915160458629,q_mm_day,t_min_e5l
71268,0.8913132896803185,q_mm_day,t_min_e5l
75648,0.7119540280568305,q_mm_day,prcp_e5l
78111,0.9048897130797448,q_mm_day,prcp_e5l
80172,0.9220893234960135,q_mm_day,prcp_e5l
5583,0.6911620860100136,q_mm_day,prcp_e5l
78501,0.9339024515728753,q_mm_day,prcp_e5l
4085,0.7917458336111534,q_mm_day,prcp_e5l
10460,0.9729251912200414,q_mm_day,t_min_e5l
11622,0.9831481930705135,q_mm_day,prcp_e5l
9264,0.946838610472783,q_mm_day,t_min_e5l
7168,0.6672708357542998,q_mm_day,t_min_e5l
49114,0.897949714431125,q_mm_day,prcp_e5l
5607,0.5853468229268755,q_mm_day,prcp_e5l
71186,0.8192984013896846,q_mm_day,t_min_e5l
75273,0.880426339554667,q_mm_day,prcp_e5l
4175,0.9186765712376537,q_mm_day,prcp_e5l
5085,0.894316601552941,q_mm_day,prcp_e5l
3085,0.9528267270412565,q_mm_day,t_min_e5l
75428,0.5147493533664292,q_mm_day,prcp_e5l
75203,0.9329418460455065,q_mm_day,prcp_e5l
10423,0.9722289656714452,q_mm_day,prcp_e5l
10584,0.7335388358522485,q_mm_day,prcp_e5l
10392,0.9000512720860602,q_mm_day,prcp_e5l
76454,0.9437599026498055,q_mm_day,prcp_e5l
12511,0.9593447709163401,q_mm_day,prcp_e5l
10048,0.9114003997381213,q_mm_day,t_min_e5l
75259,0.8160126047385083,q_mm_day,prcp_e5l
11628,0.9294238538440631,q_mm_day,prcp_e5l
1566,0.9301467977163338,q_mm_day,t_min_e5l
83459,0.44284947586918777,q_mm_day,prcp_e5l
76089,0.9372581225223603,q_mm_day,t_min_e5l
84192,0.9251276158193007,q_mm_day,t_min_e5l
4179,0.8935374772593941,q_mm_day,prcp_e5l
70217,0.857667878281172,q_mm_day,t_min_e5l
9520,0.8740473033279075,q_mm_day,prcp_e5l
84354,0.29224069397859775,q_mm_day,t_min_e5l
9342,0.9039635503427752,q_mm_day,t_min_e5l
11351,0.9782533641784655,q_mm_day,prcp_e5l
74425,0.9652950780071834,q_mm_day,prcp_e5l
72281,0.8961803484746143,q_mm_day,t_min_e5l
4095,0.8239382544650417,q_mm_day,prcp_e5l
76363,0.9017775581703751,q_mm_day,t_min_e5l
75121,0.8460525131221226,q_mm_day,prcp_e5l
9290,0.853580407202349,q_mm_day,t_min_e5l
49058,0.9758572845146907,q_mm_day,t_min_e5l
72008,0.9736428316473894,q_mm_day,prcp_e5l
80160,0.752995197142229,q_mm_day,prcp_e5l
78191,-0.2073144816779997,q_mm_day,prcp_e5l
80204,0.9394699828639616,q_mm_day,prcp_e5l
48071,0.9595654461960914,q_mm_day,prcp_e5l
8321,0.7951910595617557,q_mm_day,prcp_e5l
7031,0.6453409034395766,q_mm_day,t_min_e5l
72610,0.9516885789495553,q_mm_day,prcp_e5l
10042,0.9688912615449228,q_mm_day,t_min_e5l
48056,0.9809101968291877,q_mm_day,prcp_e5l
3201,0.7997611745170535,q_mm_day,t_min_e5l
70158,0.94068106381273,q_mm_day,t_min_e5l
72721,0.9122871323203142,q_mm_day,prcp_e5l
48006,0.9276350290368898,q_mm_day,prcp_e5l
78394,0.9672965485223197,q_mm_day,prcp_e5l
77189,0.8638403468818857,q_mm_day,prcp_e5l
10632,0.975511757352203,q_mm_day,prcp_e5l
5277,0.9447141430361554,q_mm_day,prcp_e5l
76690,0.8792293465874795,q_mm_day,t_min_e5l
48099,0.9278803750446514,q_mm_day,t_min_e5l
10587,0.9758807088015283,q_mm_day,prcp_e5l
9383,0.8510168745012981,q_mm_day,prcp_e5l
11337,0.9851326506041022,q_mm_day,prcp_e5l
75266,0.9250811056710478,q_mm_day,prcp_e5l
75394,0.7297375086610502,q_mm_day,prcp_e5l
77130,0.437444730998354,q_mm_day,prcp_e5l
75518,0.9493048505785571,q_mm_day,prcp_e5l
10430,0.9725158957357224,q_mm_day,prcp_e5l
75209,0.9701584743835724,q_mm_day,t_min_e5l
75573,0.9437539848304041,q_mm_day,prcp_e5l
10194,0.8991559364034514,q_mm_day,prcp_e5l
10216,0.9788305003038869,q_mm_day,prcp_e5l
48079,0.9688632311974149,q_mm_day,t_min_e5l
72144,0.9170635240582252,q_mm_day,prcp_e5l
8356,0.9276511309722154,q_mm_day,t_min_e5l
9323,0.91516362634594,q_mm_day,prcp_e5l
8291,0.8386872526111284,q_mm_day,t_min_e5l
5135,0.830849340956026,q_mm_day,t_min_e5l
6414,0.6980379501110179,q_mm_day,prcp_e5l
77292,0.9229459923955751,q_mm_day,prcp_e5l
75110,0.8304446127120362,q_mm_day,prcp_e5l
12430,0.9232652183647607,q_mm_day,t_min_e5l
74438,0.9458823579034809,q_mm_day,prcp_e5l
2058,0.9633190631611008,q_mm_day,t_min_e5l
78165,0.9581461252895316,q_mm_day,prcp_e5l
75453,0.4595626152990142,q_mm_day,prcp_e5l
77152,0.6700596903778051,q_mm_day,prcp_e5l
5328,0.9141548586526639,q_mm_day,t_min_e5l
70378,0.8931605173048276,q_mm_day,t_min_e5l
76007,0.9715379010110725,q_mm_day,t_min_e5l
10177,0.9294090148546503,q_mm_day,t_min_e5l
6349,0.6566926848267114,q_mm_day,t_min_e5l
70213,0.9157658705378668,q_mm_day,t_min_e5l
19118,0.6367383153737824,q_mm_day,prcp_e5l
72559,0.9265130376684455,q_mm_day,prcp_e5l
76423,0.8405572440250055,q_mm_day,prcp_e5l
70102,0.8327127209404411,q_mm_day,prcp_e5l
9404,0.9130284044933085,q_mm_day,t_min_e5l
9341,0.8757340655479439,q_mm_day,t_min_e5l
3159,0.8935273650603326,q_mm_day,t_min_e5l
84011,0.9187749016568696,q_mm_day,prcp_e5l
76649,0.9077496072834389,q_mm_day,prcp_e5l
5613,0.7278389031444905,q_mm_day,prcp_e5l
12202,0.8915097166250162,q_mm_day,prcp_e5l
9294,0.8972740635479073,q_mm_day,prcp_e5l
11308,0.9821662606474109,q_mm_day,prcp_e5l
5132,0.8289315712297828,q_mm_day,t_min_e5l
10713,0.8179231133028315,q_mm_day,prcp_e5l
77288,0.9514871605830103,q_mm_day,prcp_e5l
77179,0.9046628121957963,q_mm_day,prcp_e5l
75527,0.4719101343932868,q_mm_day,prcp_e5l
77409,0.9577142860260432,q_mm_day,prcp_e5l
78054,0.8287316853034656,q_mm_day,prcp_e5l
5358,0.9346082937397713,q_mm_day,t_min_e5l
78138,0.9596885443083258,q_mm_day,prcp_e5l
9343,0.7572069651411779,q_mm_day,t_min_e5l
8097,0.8867144835636024,q_mm_day,t_min_e5l
8361,0.9675231036472982,q_mm_day,t_min_e5l
8411,0.7892613165174488,q_mm_day,t_min_e5l
5758,0.8371102201092159,q_mm_day,t_min_e5l
49095,0.8982209708833807,q_mm_day,prcp_e5l
76462,0.8303191765278453,q_mm_day,t_min_e5l
77231,0.8677067778051469,q_mm_day,prcp_e5l
7072,0.9688363666251727,q_mm_day,t_min_e5l
48110,0.8264655657433158,q_mm_day,prcp_e5l
75359,0.847751124189851,q_mm_day,prcp_e5l
5336,0.9287766117290931,q_mm_day,t_min_e5l
9256,0.9142418810299355,q_mm_day,t_min_e5l
10220,0.9705672052980165,q_mm_day,prcp_e5l
10369,0.8738375970065394,q_mm_day,prcp_e5l
11502,0.9883664756076341,q_mm_day,prcp_e5l
5171,0.8793216125494357,q_mm_day,prcp_e5l
71086,0.8567127967333059,q_mm_day,t_min_e5l
72096,0.9762749214272914,q_mm_day,prcp_e5l
19382,0.9314054685696864,q_mm_day,prcp_e5l
10066,0.929345337538816,q_mm_day,t_min_e5l
75274,0.9058553921084231,q_mm_day,prcp_e5l
83266,0.7464790083670234,q_mm_day,t_min_e5l
10384,0.8817698610429954,q_mm_day,t_min_e5l
78391,0.9690075241587588,q_mm_day,prcp_e5l
9253,0.945927684884795,q_mm_day,t_min_e5l
76644,0.661736907693643,q_mm_day,prcp_e5l
77201,0.6630516158649948,q_mm_day,prcp_e5l
76519,0.9340510485489616,q_mm_day,prcp_e5l
5461,0.8875416657067764,q_mm_day,prcp_e5l
70512,0.8852317860233712,q_mm_day,t_min_e5l
11473,0.7586672777250342,q_mm_day,prcp_e5l
76408,0.8312953719897109,q_mm_day,prcp_e5l
75208,0.9756084867781114,q_mm_day,t_min_e5l
84346,0.9215644049160685,q_mm_day,prcp_e5l
3001,0.9443155082451627,q_mm_day,t_min_e5l
7015,0.965430259871141,q_mm_day,t_min_e5l
8251,0.9109925535720595,q_mm_day,t_min_e5l
5347,0.9351310026310229,q_mm_day,t_min_e5l
75361,0.9075232023318519,q_mm_day,prcp_e5l
5280,0.9099149716256926,q_mm_day,t_min_e5l
72083,0.9755065959060563,q_mm_day,prcp_e5l
2180,0.8855562112884351,q_mm_day,t_min_e5l
10176,0.9322527794449506,q_mm_day,t_min_e5l
72668,0.97150673255171,q_mm_day,prcp_e5l
76321,0.9471888726081957,q_mm_day,prcp_e5l
80222,0.9183888916980488,q_mm_day,prcp_e5l
7176,0.3221702518711259,q_mm_day,prcp_e5l
72246,0.9691009548925393,q_mm_day,prcp_e5l
70284,0.9210376234070082,q_mm_day,t_min_e5l
84302,0.9542376879143902,q_mm_day,t_min_e5l
10205,0.9190913554817892,q_mm_day,prcp_e5l
72459,0.9105134696730178,q_mm_day,prcp_e5l
78507,0.8822554244783946,q_mm_day,prcp_e5l
70147,0.9125119325934823,q_mm_day,prcp_e5l
4071,0.7952881556603457,q_mm_day,prcp_e5l
3218,0.9134628233751159,q_mm_day,t_min_e5l
76217,0.8472125742039828,q_mm_day,prcp_e5l
72055,0.9159660961417543,q_mm_day,prcp_e5l
9385,0.9251243474713315,q_mm_day,t_min_e5l
8364,0.9265356983900787,q_mm_day,t_min_e5l
84315,0.8321450019723289,q_mm_day,prcp_e5l
12061,0.8747528048767942,q_mm_day,prcp_e5l
2090,0.967832741861842,q_mm_day,t_min_e5l
76416,0.8715998483368008,q_mm_day,t_min_e5l
72450,0.9641211869678021,q_mm_day,prcp_e5l
80220,0.8959600042651714,q_mm_day,prcp_e5l
84157,0.5479229778705872,q_mm_day,t_min_e5l
84312,0.9681181037992257,q_mm_day,t_min_e5l
78529,0.9073715693444351,q_mm_day,prcp_e5l
9213,0.9137066757730168,q_mm_day,t_min_e5l
76318,0.7704875450708164,q_mm_day,prcp_e5l
10264,0.8951159841433605,q_mm_day,t_min_e5l
10641,0.9789999710660633,q_mm_day,prcp_e5l
84803,0.7821247605668028,q_mm_day,t_min_e5l
8139,0.8423787030968319,q_mm_day,prcp_e5l
8313,0.8812361342601396,q_mm_day,t_min_e5l
78078,0.9304855324494702,q_mm_day,prcp_e5l
3334,0.9373245509109026,q_mm_day,t_min_e5l
11500,0.8025608860555347,q_mm_day,prcp_e5l
80157,0.950709786260717,q_mm_day,prcp_e5l
48085,0.9701458851176008,q_mm_day,t_min_e5l
48058,0.9662811771970621,q_mm_day,prcp_e5l
79261,0.6000737542922503,q_mm_day,prcp_e5l
71146,0.764964747741496,q_mm_day,t_min_e5l
9333,0.925413521181551,q_mm_day,t_min_e5l
10594,0.971405921948045,q_mm_day,t_min_e5l
8384,0.6631211663417963,q_mm_day,prcp_e5l
10653,0.9500632370846535,q_mm_day,prcp_e5l
84179,0.8671438820854812,q_mm_day,prcp_e5l
72454,0.9635067705297687,q_mm_day,prcp_e5l
72156,0.9431004425157258,q_mm_day,t_min_e5l
75543,0.9341270870065177,q_mm_day,prcp_e5l
3147,0.9270868475321233,q_mm_day,t_min_e5l
10424,0.9614862222624462,q_mm_day,t_min_e5l
7161,0.8671508536552507,q_mm_day,prcp_e5l
10428,0.9839440007709209,q_mm_day,t_min_e5l
11327,0.9854485523938997,q_mm_day,prcp_e5l
76518,0.9019171427438574,q_mm_day,prcp_e5l
4158,0.8535520248240747,q_mm_day,prcp_e5l
7185,0.8439077296868333,q_mm_day,t_min_e5l
10489,0.9802349351554683,q_mm_day,t_min_e5l
8172,0.8384177391315986,q_mm_day,t_min_e5l
9380,0.9473050017564715,q_mm_day,t_min_e5l
19197,0.9755764297989825,q_mm_day,prcp_e5l
12614,0.7448481895106935,q_mm_day,prcp_e5l
10211,0.8369302597775348,q_mm_day,prcp_e5l
72106,0.957940452702122,q_mm_day,prcp_e5l
9164,0.907432362871094,q_mm_day,t_min_e5l
48021,0.9758093295945299,q_mm_day,t_min_e5l
6256,0.9288244292734514,q_mm_day,prcp_e5l
76112,0.961868450800759,q_mm_day,t_min_e5l
4107,0.4642775804923377,q_mm_day,prcp_e5l
76495,0.9793603068215896,q_mm_day,t_min_e5l
10343,0.9352188599393478,q_mm_day,t_min_e5l
77124,0.9664307832389228,q_mm_day,prcp_e5l
10246,0.9583333439079644,q_mm_day,t_min_e5l
19183,0.9047956445401956,q_mm_day,prcp_e5l
84108,0.9680504016592361,q_mm_day,t_min_e5l
72285,0.6865014974622661,q_mm_day,prcp_e5l
6562,0.6800065584192477,q_mm_day,prcp_e5l
10219,0.9692316470198868,q_mm_day,prcp_e5l
75497,0.8413743904426869,q_mm_day,prcp_e5l
10232,0.9504446829036353,q_mm_day,t_min_e5l
70345,0.77651154066997,q_mm_day,t_min_e5l
7187,0.720010823681113,q_mm_day,t_min_e5l
6134,0.9034523439295865,q_mm_day,t_min_e5l
10112,0.834667769936505,q_mm_day,t_min_e5l
9568,0.9543143334994741,q_mm_day,t_min_e5l
9304,0.8246293424732323,q_mm_day,prcp_e5l
6491,0.8956768864157414,q_mm_day,t_min_e5l
5063,0.9262981546671366,q_mm_day,t_min_e5l
49090,0.9139837683073437,q_mm_day,t_min_e5l
5122,0.8713444914711256,q_mm_day,t_min_e5l
75740,0.8592426806145443,q_mm_day,prcp_e5l
8290,0.9741269820227456,q_mm_day,prcp_e5l
10567,0.8712885041661217,q_mm_day,t_min_e5l
5733,0.946213248343133,q_mm_day,t_min_e5l
5262,0.8981531721994652,q_mm_day,t_min_e5l
8241,0.6822603900380839,q_mm_day,t_min_e5l
75772,0.9519894608397752,q_mm_day,prcp_e5l
71193,0.9736153966745393,q_mm_day,t_min_e5l
75286,0.954391424391126,q_mm_day,t_min_e5l
5664,0.9235297931289339,q_mm_day,prcp_e5l
6259,0.8780658316449125,q_mm_day,prcp_e5l
75296,0.9520835238118118,q_mm_day,prcp_e5l
12498,0.929007668953097,q_mm_day,prcp_e5l
3136,0.9417322764185756,q_mm_day,t_min_e5l
79051,0.8707357871931758,q_mm_day,prcp_e5l
10461,0.9815438023143537,q_mm_day,t_min_e5l
11312,0.9806318117661683,q_mm_day,prcp_e5l
7180,0.9314119136009413,q_mm_day,prcp_e5l
3135,0.9415551806958472,q_mm_day,t_min_e5l
10411,0.8582922581924958,q_mm_day,prcp_e5l
76253,0.8687606576892517,q_mm_day,prcp_e5l
5383,0.924560883884601,q_mm_day,t_min_e5l
10279,0.8902591893762111,q_mm_day,t_min_e5l
78513,0.7508711822918628,q_mm_day,prcp_e5l
76139,0.882373378028202,q_mm_day,t_min_e5l
12059,0.9156842270326878,q_mm_day,prcp_e5l
2107,0.977197692672785,q_mm_day,prcp_e5l
72682,0.9650001731928413,q_mm_day,prcp_e5l
9226,0.9110537190961833,q_mm_day,t_min_e5l
6077,0.9278224815906789,q_mm_day,t_min_e5l
10122,0.9377289398278943,q_mm_day,t_min_e5l
5652,0.41210756172610274,q_mm_day,prcp_e5l
75106,0.8643129191357328,q_mm_day,prcp_e5l
70574,0.918547082573169,q_mm_day,prcp_e5l
48123,0.8957681948693954,q_mm_day,prcp_e5l
72192,0.8393680948497919,q_mm_day,prcp_e5l
10062,0.9441380330179945,q_mm_day,t_min_e5l
70609,0.9534870134054116,q_mm_day,t_min_e5l
3577,0.9635496153396127,q_mm_day,t_min_e5l
10349,0.8774224291320318,q_mm_day,t_min_e5l
4043,0.8981274089930653,q_mm_day,prcp_e5l
9337,0.903760448175131,q_mm_day,t_min_e5l
19185,0.9563089703198576,q_mm_day,prcp_e5l
3248,0.9201695475810804,q_mm_day,t_min_e5l
72748,0.9627598702512232,q_mm_day,prcp_e5l
80148,0.7098080714335837,q_mm_day,prcp_e5l
84243,0.9460040186247919,q_mm_day,t_min_e5l
76692,0.9005109474989723,q_mm_day,t_min_e5l
10404,0.8416923375939735,q_mm_day,prcp_e5l
49129,0.9800442655270074,q_mm_day,prcp_e5l
10315,0.9551612071587178,q_mm_day,t_min_e5l
75699,0.9268101652412187,q_mm_day,prcp_e5l
78503,0.9578456934184943,q_mm_day,prcp_e5l
7171,0.6842520527665474,q_mm_day,prcp_e5l
75749,0.9586988235277344,q_mm_day,prcp_e5l
5352,0.8912037729648272,q_mm_day,prcp_e5l
3219,0.891691502561825,q_mm_day,t_min_e5l
72110,0.9487200728350087,q_mm_day,t_min_e5l
3669,0.9534810233495646,q_mm_day,t_min_e5l
75547,0.9259467763622817,q_mm_day,prcp_e5l
70533,0.8777291254517828,q_mm_day,t_min_e5l
78142,0.9378202405100668,q_mm_day,prcp_e5l
9403,0.8342195066096045,q_mm_day,t_min_e5l
9560,0.9649680691357099,q_mm_day,t_min_e5l
84029,0.9488114182854969,q_mm_day,prcp_e5l
9286,0.8638204819146291,q_mm_day,prcp_e5l
11309,0.983347309287392,q_mm_day,prcp_e5l
8582,0.64315985843248,q_mm_day,t_min_e5l
70509,0.9064474633340673,q_mm_day,t_min_e5l
5458,0.9533419587092906,q_mm_day,t_min_e5l
70250,0.9129501724844279,q_mm_day,t_min_e5l
72738,0.9563071291613476,q_mm_day,t_min_e5l
70339,0.7726184955454058,q_mm_day,t_min_e5l
4159,0.7347888654067956,q_mm_day,prcp_e5l
10432,0.9802873919915563,q_mm_day,t_min_e5l
72752,0.8198602977867411,q_mm_day,prcp_e5l
75552,0.976083826897094,q_mm_day,prcp_e5l
10100,0.8636235123518462,q_mm_day,t_min_e5l
9285,0.8268423974166276,q_mm_day,t_min_e5l
10476,0.9830925950446546,q_mm_day,t_min_e5l
8161,0.843994857003898,q_mm_day,t_min_e5l
76284,0.8476493525669215,q_mm_day,t_min_e5l
2103,0.9693340264685869,q_mm_day,t_min_e5l
77266,0.9508132343149911,q_mm_day,prcp_e5l
72423,0.8950822766400215,q_mm_day,t_min_e5l
5105,0.9547326135705556,q_mm_day,t_min_e5l
78515,0.8053997671164526,q_mm_day,prcp_e5l
72569,0.9764427042611054,q_mm_day,prcp_e5l
10651,0.9817367006478752,q_mm_day,prcp_e5l
1556,0.8147673586352613,q_mm_day,t_min_e5l
77259,0.9430517478397125,q_mm_day,prcp_e5l
84031,0.915886906746768,q_mm_day,prcp_e5l
76075,0.971264108632172,q_mm_day,t_min_e5l
19008,0.6645158413067322,q_mm_day,prcp_e5l
5160,0.8049096635377302,q_mm_day,prcp_e5l
72155,0.9326811088840784,q_mm_day,t_min_e5l
19123,0.6616063989728664,q_mm_day,prcp_e5l
8249,0.943582432680735,q_mm_day,prcp_e5l
19092,0.8434563471057592,q_mm_day,prcp_e5l
77285,0.8229351433941587,q_mm_day,prcp_e5l
10117,0.9259201480115293,q_mm_day,t_min_e5l
77164,0.8271707117271802,q_mm_day,prcp_e5l
82039,0.4502648770191189,q_mm_day,prcp_e5l
84037,0.8953168053352041,q_mm_day,prcp_e5l
10570,0.9570849339720233,q_mm_day,prcp_e5l
80118,0.9388574402399578,q_mm_day,prcp_e5l
10511,0.9696774044340616,q_mm_day,t_min_e5l
4034,0.9455753340820305,q_mm_day,t_min_e5l
5662,0.4746380073862595,q_mm_day,prcp_e5l
48002,0.9220716542314762,q_mm_day,prcp_e5l
84200,0.9538525177994284,q_mm_day,t_min_e5l
75643,0.9457165340465179,q_mm_day,prcp_e5l
48075,0.9753933450588567,q_mm_day,t_min_e5l
75540,0.9225645910338964,q_mm_day,prcp_e5l
11306,0.9817926285525402,q_mm_day,prcp_e5l
19111,0.8005990020699583,q_mm_day,prcp_e5l
78620,0.7070943232342206,q_mm_day,prcp_e5l
10595,0.9736466843376252,q_mm_day,prcp_e5l
7003,0.7750105697110188,q_mm_day,prcp_e5l
10591,0.9700512474707123,q_mm_day,t_min_e5l
71185,0.7740992216099813,q_mm_day,t_min_e5l
10379,0.902032022534153,q_mm_day,t_min_e5l
75006,0.8122536630177899,q_mm_day,t_min_e5l
77260,0.9313284158371478,q_mm_day,prcp_e5l
10044,0.9604050032489072,q_mm_day,t_min_e5l
5600,0.8061257204385511,q_mm_day,prcp_e5l
84026,0.8911736502616089,q_mm_day,prcp_e5l
5166,0.9262094203712732,q_mm_day,prcp_e5l
19313,0.9409236636798495,q_mm_day,prcp_e5l
70348,0.8566711476162612,q_mm_day,t_min_e5l
72625,0.9635418843838086,q_mm_day,prcp_e5l
4145,0.9052225894419499,q_mm_day,prcp_e5l
3247,0.8518754360675591,q_mm_day,t_min_e5l
10150,0.888081833834775,q_mm_day,prcp_e5l
7142,0.9476139159850668,q_mm_day,t_min_e5l
76651,0.7795311064143302,q_mm_day,prcp_e5l
72508,0.7793585894473237,q_mm_day,prcp_e5l
75222,0.9374766261312575,q_mm_day,prcp_e5l
77115,0.8344543177959148,q_mm_day,prcp_e5l
70414,0.9398834899170836,q_mm_day,t_min_e5l
11491,0.9731600876596995,q_mm_day,prcp_e5l
75257,0.9337948307231367,q_mm_day,prcp_e5l
6139,0.9576429743879445,q_mm_day,t_min_e5l
77210,0.8105782427502922,q_mm_day,prcp_e5l
76364,0.9048480228307502,q_mm_day,t_min_e5l
78231,0.845861244347181,q_mm_day,prcp_e5l
4033,0.9626963863116638,q_mm_day,t_min_e5l
7004,0.9302598368681575,q_mm_day,prcp_e5l
7016,0.9193128997241183,q_mm_day,t_min_e5l
10400,0.8761624678503183,q_mm_day,prcp_e5l
48069,0.9267154607612135,q_mm_day,prcp_e5l
1608,0.8454158400500144,q_mm_day,prcp_e5l
5094,0.8896310102942405,q_mm_day,t_min_e5l
6387,0.4522149989372679,q_mm_day,t_min_e5l
8334,0.6699008262506924,q_mm_day,t_min_e5l
70601,0.8816945460971929,q_mm_day,t_min_e5l
7009,0.8853518225852273,q_mm_day,t_min_e5l
3150,0.9413055808500346,q_mm_day,t_min_e5l
10407,0.9035644577518497,q_mm_day,prcp_e5l
84008,0.9330063721385264,q_mm_day,prcp_e5l
72109,0.9464453489906395,q_mm_day,prcp_e5l
75776,0.8023679558020036,q_mm_day,prcp_e5l
7034,0.9578135989670449,q_mm_day,prcp_e5l
72731,0.8330995882700487,q_mm_day,prcp_e5l
80592,0.871134309407525,q_mm_day,prcp_e5l
75656,0.773168125741882,q_mm_day,prcp_e5l
7200,0.8108208775837233,q_mm_day,prcp_e5l
78261,-9.70771281515989,q_mm_day,prcp_e5l
77242,0.8675698683706112,q_mm_day,prcp_e5l
19108,0.8160459915569945,q_mm_day,prcp_e5l
12043,0.8148449125404138,q_mm_day,prcp_e5l
10231,0.9590304372525266,q_mm_day,prcp_e5l
5208,0.8129918852781925,q_mm_day,prcp_e5l
75727,0.9484583515485651,q_mm_day,prcp_e5l
7167,0.8552239363363849,q_mm_day,t_min_e5l
8256,0.9630992285784317,q_mm_day,prcp_e5l
72585,0.9257802961173679,q_mm_day,prcp_e5l
12189,0.9364068569612767,q_mm_day,prcp_e5l
80442,0.9523942910361145,q_mm_day,prcp_e5l
2034,0.9825689626471369,q_mm_day,t_min_e5l
12320,0.9031183330815484,q_mm_day,prcp_e5l
72716,0.9233383622558023,q_mm_day,prcp_e5l
11556,0.9542731976354143,q_mm_day,t_min_e5l
5449,0.9581398361820358,q_mm_day,t_min_e5l
76650,0.852589978072622,q_mm_day,prcp_e5l
75751,0.8134106638680861,q_mm_day,prcp_e5l
7011,0.8631257477270928,q_mm_day,t_min_e5l
78611,0.8592078037795743,q_mm_day,prcp_e5l
84449,0.9834578431757421,q_mm_day,t_min_e5l
12417,0.9567751927370463,q_mm_day,t_min_e5l
12611,0.9758056861834645,q_mm_day,t_min_e5l
10108,0.755355703062558,q_mm_day,t_min_e5l
76243,0.9421901855766209,q_mm_day,t_min_e5l
5746,0.9654096968819377,q_mm_day,prcp_e5l
5759,0.9439104533351798,q_mm_day,prcp_e5l
78410,0.9289860426335814,q_mm_day,prcp_e5l
76256,0.8952404098034636,q_mm_day,t_min_e5l
48030,0.9640586158975211,q_mm_day,prcp_e5l
5092,0.9150070668954495,q_mm_day,t_min_e5l
3291,0.8273426594454811,q_mm_day,t_min_e5l
76355,0.9266377383800295,q_mm_day,prcp_e5l
76145,0.7164151158719984,q_mm_day,prcp_e5l
10396,0.884747319256628,q_mm_day,prcp_e5l
79006,0.9665992577672505,q_mm_day,prcp_e5l
84233,0.9643398840044531,q_mm_day,t_min_e5l
78519,0.9295280694800925,q_mm_day,prcp_e5l
76483,0.9706373963794295,q_mm_day,prcp_e5l
2152,0.977571057995889,q_mm_day,t_min_e5l
49126,0.9249995416843733,q_mm_day,prcp_e5l
76421,0.9437971270366744,q_mm_day,prcp_e5l
77166,0.8732016619726168,q_mm_day,prcp_e5l
80196,0.9370968085202066,q_mm_day,prcp_e5l
76406,0.9319868180438444,q_mm_day,prcp_e5l
49127,0.9065865591373865,q_mm_day,t_min_e5l
5190,0.8646459614796296,q_mm_day,prcp_e5l
4181,0.936235078836283,q_mm_day,prcp_e5l
10688,0.9733669334706078,q_mm_day,prcp_e5l
9199,0.7717680973370431,q_mm_day,t_min_e5l
75108,0.8488007163162408,q_mm_day,prcp_e5l
3059,0.9551703094010843,q_mm_day,prcp_e5l
9335,0.9617239477953151,q_mm_day,t_min_e5l
84185,0.8885567079708072,q_mm_day,t_min_e5l
78053,0.8370863666215353,q_mm_day,prcp_e5l
10357,0.9617634173628743,q_mm_day,prcp_e5l
77209,0.7417093064043236,q_mm_day,prcp_e5l
10209,0.8777249327151176,q_mm_day,prcp_e5l
3569,0.8241156627764026,q_mm_day,t_min_e5l
9189,0.7808465610256243,q_mm_day,t_min_e5l
82026,0.6290549713445146,q_mm_day,prcp_e5l
72148,0.9362836219092903,q_mm_day,t_min_e5l
8150,0.9403884699242291,q_mm_day,prcp_e5l
75217,0.5264831117499333,q_mm_day,prcp_e5l
9283,0.8194402260459487,q_mm_day,t_min_e5l
84398,0.9464974036409637,q_mm_day,t_min_e5l
49053,0.979332418217961,q_mm_day,prcp_e5l
75210,0.9426343234692242,q_mm_day,t_min_e5l
9309,0.802481116121288,q_mm_day,prcp_e5l
70328,0.8641653214387712,q_mm_day,t_min_e5l
10126,0.8937427726712258,q_mm_day,t_min_e5l
76648,0.9162115585079612,q_mm_day,t_min_e5l
75280,0.9538660020058808,q_mm_day,prcp_e5l
10414,0.8949201886555279,q_mm_day,prcp_e5l
75402,0.8157106569489343,q_mm_day,prcp_e5l
49093,0.8457924388499216,q_mm_day,prcp_e5l
76685,0.8690314553157579,q_mm_day,t_min_e5l
9397,0.9447133152970577,q_mm_day,t_min_e5l
9324,0.8402029171754362,q_mm_day,prcp_e5l
75645,0.5824123317904937,q_mm_day,prcp_e5l
12239,0.9836780842644481,q_mm_day,t_min_e5l
76652,0.9671373383028931,q_mm_day,prcp_e5l
78160,0.8307613900784896,q_mm_day,prcp_e5l
11538,0.9440341546194427,q_mm_day,t_min_e5l
7080,0.9609166154010849,q_mm_day,t_min_e5l
80174,0.8912430571511364,q_mm_day,prcp_e5l
76255,0.7662728179984359,q_mm_day,t_min_e5l
79011,0.9702237946517981,q_mm_day,prcp_e5l
75225,0.9724725712248262,q_mm_day,prcp_e5l
9356,0.8947309610140635,q_mm_day,prcp_e5l
10301,0.9385217692910734,q_mm_day,prcp_e5l
19172,0.8480412577766513,q_mm_day,prcp_e5l
9331,0.9218666604041944,q_mm_day,prcp_e5l
9298,0.9149202784755777,q_mm_day,prcp_e5l
70531,0.8789818232832016,q_mm_day,t_min_e5l
6549,0.889063867205662,q_mm_day,prcp_e5l
77270,0.9249871920773927,q_mm_day,prcp_e5l
48088,0.9729960735798162,q_mm_day,prcp_e5l
5403,0.911875390701481,q_mm_day,t_min_e5l
70011,0.9492589981263684,q_mm_day,t_min_e5l
19122,0.5873073649267713,q_mm_day,prcp_e5l
4238,0.820759564962618,q_mm_day,prcp_e5l
49094,0.9110256856277829,q_mm_day,prcp_e5l
83061,0.9556496311467947,q_mm_day,prcp_e5l
19087,0.8601017568787125,q_mm_day,prcp_e5l
10148,0.9263685389575407,q_mm_day,prcp_e5l
5199,0.8463827301940464,q_mm_day,prcp_e5l
75553,0.9735247098533776,q_mm_day,prcp_e5l
70206,0.8916564412221608,q_mm_day,t_min_e5l
19158,0.9204940142060761,q_mm_day,prcp_e5l
78590,0.8363596467038337,q_mm_day,prcp_e5l
4032,0.9435417747956439,q_mm_day,t_min_e5l
75289,0.9092411893253984,q_mm_day,prcp_e5l
75299,0.8100726444354815,q_mm_day,prcp_e5l
12125,0.902338222769659,q_mm_day,prcp_e5l
70466,0.961761297799391,q_mm_day,t_min_e5l
10276,0.8499741556735827,q_mm_day,t_min_e5l
76367,0.9161935265000393,q_mm_day,t_min_e5l
10380,0.8855294500410273,q_mm_day,t_min_e5l
49014,0.9574251102616976,q_mm_day,prcp_e5l
70399,0.8467971903062311,q_mm_day,t_min_e5l
9511,0.8256469770365801,q_mm_day,prcp_e5l
79244,0.8923084434231703,q_mm_day,prcp_e5l
11385,0.960356518398215,q_mm_day,prcp_e5l
76270,0.9126531165296065,q_mm_day,prcp_e5l
78277,0.9523258392777871,q_mm_day,prcp_e5l
75300,0.6892867872009949,q_mm_day,prcp_e5l
70209,0.8773007025417338,q_mm_day,t_min_e5l
76190,0.8878844700476949,q_mm_day,t_min_e5l
84400,0.806723175301502,q_mm_day,prcp_e5l
19050,0.8794270417454404,q_mm_day,prcp_e5l
76180,0.9139828085711251,q_mm_day,t_min_e5l
9326,0.8721220306970392,q_mm_day,prcp_e5l
1151,0.8464516068490412,q_mm_day,t_min_e5l
8339,0.7354643779591093,q_mm_day,t_min_e5l
75503,0.7201218640948724,q_mm_day,prcp_e5l
76456,0.9169332780745013,q_mm_day,t_min_e5l
6563,0.9001916770854512,q_mm_day,prcp_e5l
10478,0.9825626185984865,q_mm_day,t_min_e5l
11353,0.9728070260452963,q_mm_day,prcp_e5l
72519,0.863943945074641,q_mm_day,prcp_e5l
75291,0.9508603131047506,q_mm_day,prcp_e5l
78163,0.8741398563559487,q_mm_day,prcp_e5l
4148,0.8564438978193276,q_mm_day,prcp_e5l
9279,0.8847640608537918,q_mm_day,t_min_e5l
84245,0.6279872598979459,q_mm_day,prcp_e5l
5642,0.25010004370245476,q_mm_day,prcp_e5l
72076,0.9681326989916798,q_mm_day,prcp_e5l
48038,0.9672306405407542,q_mm_day,t_min_e5l
70117,0.7407095383785607,q_mm_day,t_min_e5l
3178,0.661376571264771,q_mm_day,t_min_e5l
76520,0.8694979950547199,q_mm_day,prcp_e5l
72327,0.9276263720226388,q_mm_day,prcp_e5l
77140,0.8865385910428569,q_mm_day,prcp_e5l
72191,0.9085080680900004,q_mm_day,prcp_e5l
70211,0.8482481684848832,q_mm_day,t_min_e5l
77212,0.9722658673216368,q_mm_day,prcp_e5l
10204,0.8909833953258215,q_mm_day,prcp_e5l
72760,0.9101284866977284,q_mm_day,prcp_e5l
75301,0.7989611001372807,q_mm_day,prcp_e5l
70586,0.959702596298018,q_mm_day,t_min_e5l
76490,0.7232567373285672,q_mm_day,prcp_e5l
79324,0.9746122015161013,q_mm_day,prcp_e5l
80113,0.679850696118,q_mm_day,prcp_e5l
7036,0.9333481239476068,q_mm_day,t_min_e5l
4141,0.8594505017559896,q_mm_day,prcp_e5l
73110,0.9625076257883175,q_mm_day,t_min_e5l
49125,0.9091070722775403,q_mm_day,t_min_e5l
75227,0.9549352431821078,q_mm_day,prcp_e5l
2270,0.9510086300669862,q_mm_day,t_min_e5l
72739,0.9374324570662353,q_mm_day,prcp_e5l
72753,0.9608085572060969,q_mm_day,prcp_e5l
5459,0.9721647628715006,q_mm_day,t_min_e5l
5611,0.7216595363158202,q_mm_day,prcp_e5l
7156,0.872632252505797,q_mm_day,t_min_e5l
6143,0.9555943980882473,q_mm_day,t_min_e5l
7024,0.9840654717506063,q_mm_day,t_min_e5l
48091,0.9666242113806582,q_mm_day,prcp_e5l
77193,0.6131741637203317,q_mm_day,prcp_e5l
6141,0.9602948662247771,q_mm_day,t_min_e5l
72649,0.9519624770920767,q_mm_day,prcp_e5l
2229,0.950245804906748,q_mm_day,t_min_e5l
72104,0.9707909089077976,q_mm_day,prcp_e5l
70459,0.8517846829675835,q_mm_day,t_min_e5l
76360,0.8535299980450113,q_mm_day,prcp_e5l
19127,0.9542516169224423,q_mm_day,prcp_e5l
3079,0.9168295107116743,q_mm_day,t_min_e5l
72064,0.8766940419211029,q_mm_day,prcp_e5l
75079,0.9682954328117093,q_mm_day,prcp_e5l
10441,0.9799129360279081,q_mm_day,prcp_e5l
75561,0.7838643943513673,q_mm_day,prcp_e5l
48089,0.9107623255216508,q_mm_day,prcp_e5l
75382,0.7041200493695721,q_mm_day,prcp_e5l
10184,0.8833713610520741,q_mm_day,prcp_e5l
76264,0.9597390096249654,q_mm_day,prcp_e5l
4036,0.9305101728653586,q_mm_day,prcp_e5l
2203,0.9350981487130771,q_mm_day,t_min_e5l
5635,0.6393432419699285,q_mm_day,prcp_e5l
83372,0.6013149006662344,q_mm_day,prcp_e5l
70587,0.9386620210053042,q_mm_day,prcp_e5l
75752,0.7813122608367389,q_mm_day,prcp_e5l
72004,0.9765033874220389,q_mm_day,prcp_e5l
10323,0.9612648996089622,q_mm_day,t_min_e5l
11352,0.9781682123541616,q_mm_day,prcp_e5l
10144,0.9118005645850544,q_mm_day,prcp_e5l
84295,0.6231367238268111,q_mm_day,t_min_e5l
75710,0.9422184236945148,q_mm_day,prcp_e5l
75678,0.9771587364275327,q_mm_day,t_min_e5l
80165,0.8924673295770464,q_mm_day,prcp_e5l
12279,0.967646320359068,q_mm_day,t_min_e5l
72188,0.935613241877185,q_mm_day,t_min_e5l
49123,0.9770766355050582,q_mm_day,t_min_e5l
70499,0.9277855279327989,q_mm_day,t_min_e5l
75219,0.8737786139653194,q_mm_day,prcp_e5l
2062,0.9741529768764867,q_mm_day,t_min_e5l
75624,0.8339766708756703,q_mm_day,prcp_e5l
10402,0.9701595605903178,q_mm_day,t_min_e5l
12476,0.8866613919299823,q_mm_day,t_min_e5l
49120,0.9235792449323046,q_mm_day,prcp_e5l
84129,0.934329767377673,q_mm_day,prcp_e5l
10078,0.9444228747660646,q_mm_day,t_min_e5l
10060,0.9005857516007935,q_mm_day,t_min_e5l
11350,0.9724839836058524,q_mm_day,prcp_e5l
75388,0.5478541938067265,q_mm_day,prcp_e5l
76076,0.8329109514146653,q_mm_day,t_min_e5l
5552,0.9147551978498062,q_mm_day,prcp_e5l
1576,0.9328384735956864,q_mm_day,prcp_e5l
75074,0.7793350919990769,q_mm_day,prcp_e5l
70340,0.8736639045246224,q_mm_day,t_min_e5l
83262,0.8611627396479258,q_mm_day,t_min_e5l
70559,0.8392380042287484,q_mm_day,t_min_e5l
78130,0.8203199512761346,q_mm_day,prcp_e5l
78343,0.9474079095310847,q_mm_day,prcp_e5l
70288,0.661510872359809,q_mm_day,t_min_e5l
70334,0.8956942175749284,q_mm_day,t_min_e5l
49070,0.8958021928136596,q_mm_day,prcp_e5l
77197,0.9290770289695316,q_mm_day,prcp_e5l
78132,0.9501507618722954,q_mm_day,prcp_e5l
72102,0.951972275893799,q_mm_day,prcp_e5l
7056,0.7759270692867473,q_mm_day,t_min_e5l
70486,0.8552275219225101,q_mm_day,t_min_e5l
19170,0.8931476435954651,q_mm_day,prcp_e5l
80224,0.906664012912246,q_mm_day,prcp_e5l
76345,0.9329097506247541,q_mm_day,t_min_e5l
72179,0.8979368246080361,q_mm_day,prcp_e5l
83318,0.9226640188427142,q_mm_day,t_min_e5l
75682,0.9350847120901438,q_mm_day,t_min_e5l
11374,0.9815007496333585,q_mm_day,prcp_e5l
72269,0.9560142250386192,q_mm_day,t_min_e5l
4068,0.7841245506427585,q_mm_day,prcp_e5l
76494,0.9284640405143566,q_mm_day,prcp_e5l
77223,0.9493528727364987,q_mm_day,prcp_e5l
75728,0.9358347057597792,q_mm_day,prcp_e5l
8233,0.6358191967236919,q_mm_day,t_min_e5l
75607,0.7368929196236,q_mm_day,prcp_e5l
10548,0.9874672203815115,q_mm_day,prcp_e5l
75389,0.7303359636048158,q_mm_day,prcp_e5l
5604,0.2051396038820057,q_mm_day,prcp_e5l
10586,0.9208648193322874,q_mm_day,prcp_e5l
84215,0.9667014115760101,q_mm_day,t_min_e5l
7087,0.9006133845775445,q_mm_day,t_min_e5l
10468,0.9816509465936691,q_mm_day,t_min_e5l
48029,0.9635023278357109,q_mm_day,prcp_e5l
72172,0.8605915320360691,q_mm_day,prcp_e5l
3637,0.9408124817297474,q_mm_day,t_min_e5l
8289,0.9771771038800728,q_mm_day,prcp_e5l
70248,0.9424955180734936,q_mm_day,t_min_e5l
77327,0.9477061218531582,q_mm_day,prcp_e5l
84347,0.9440232666467356,q_mm_day,prcp_e5l
76688,0.909957828915112,q_mm_day,prcp_e5l
2040,0.9687981072673711,q_mm_day,t_min_e5l
75202,0.97166403381624,q_mm_day,prcp_e5l
9355,0.8606842184634929,q_mm_day,prcp_e5l
78050,0.9309754298868833,q_mm_day,prcp_e5l
9344,0.9396425780283311,q_mm_day,prcp_e5l
5589,0.8129731380468289,q_mm_day,prcp_e5l
76141,0.9684134343416448,q_mm_day,t_min_e5l
5151,0.78152036708506,q_mm_day,prcp_e5l
76486,0.9729476393252815,q_mm_day,prcp_e5l
78087,0.9195249322099135,q_mm_day,prcp_e5l
76008,0.9761023416031428,q_mm_day,t_min_e5l
70517,0.8497243496931676,q_mm_day,t_min_e5l
80198,0.93576812327106,q_mm_day,prcp_e5l
75238,0.5760164762358042,q_mm_day,prcp_e5l
12354,0.8577649364198026,q_mm_day,prcp_e5l
75303,0.7427523549794028,q_mm_day,prcp_e5l
76512,0.9642686303632098,q_mm_day,prcp_e5l
72603,0.94012027867443,q_mm_day,prcp_e5l
72660,0.9538345952925575,q_mm_day,prcp_e5l
75576,0.9554660340924003,q_mm_day,prcp_e5l
83288,0.8194922227680099,q_mm_day,prcp_e5l
4012,0.8661236002107291,q_mm_day,prcp_e5l
3210,0.8337498387502482,q_mm_day,t_min_e5l
